,Unnamed: 0.111,Unnamed: 0.110,Unnamed: 0.109,Unnamed: 0.108,Unnamed: 0.107,Unnamed: 0.106,Unnamed: 0.105,Unnamed: 0.104,Unnamed: 0.103,Unnamed: 0.102,Unnamed: 0.101,Unnamed: 0.100,Unnamed: 0.99,Unnamed: 0.98,Unnamed: 0.97,Unnamed: 0.96,Unnamed: 0.95,Unnamed: 0.94,Unnamed: 0.93,Unnamed: 0.92,Unnamed: 0.91,Unnamed: 0.90,Unnamed: 0.89,Unnamed: 0.88,Unnamed: 0.87,Unnamed: 0.86,Unnamed: 0.85,Unnamed: 0.84,Unnamed: 0.83,Unnamed: 0.82,Unnamed: 0.81,Unnamed: 0.80,Unnamed: 0.79,Unnamed: 0.78,Unnamed: 0.77,Unnamed: 0.76,Unnamed: 0.75,Unnamed: 0.74,Unnamed: 0.73,Unnamed: 0.72,Unnamed: 0.71,Unnamed: 0.70,Unnamed: 0.69,Unnamed: 0.68,Unnamed: 0.67,Unnamed: 0.66,Unnamed: 0.65,Unnamed: 0.64,Unnamed: 0.63,Unnamed: 0.62,Unnamed: 0.61,Unnamed: 0.60,Unnamed: 0.59,Unnamed: 0.58,Unnamed: 0.57,Unnamed: 0.56,Unnamed: 0.55,Unnamed: 0.54,Unnamed: 0.53,Unnamed: 0.52,Unnamed: 0.51,Unnamed: 0.50,Unnamed: 0.49,Unnamed: 0.48,Unnamed: 0.47,Unnamed: 0.46,Unnamed: 0.45,Unnamed: 0.44,Unnamed: 0.43,Unnamed: 0.42,Unnamed: 0.41,Unnamed: 0.40,Unnamed: 0.39,Unnamed: 0.38,Unnamed: 0.37,Unnamed: 0.36,Unnamed: 0.35,Unnamed: 0.34,Unnamed: 0.33,Unnamed: 0.32,Unnamed: 0.31,Unnamed: 0.30,Unnamed: 0.29,Unnamed: 0.28,Unnamed: 0.27,Unnamed: 0.26,Unnamed: 0.25,Unnamed: 0.24,Unnamed: 0.23,Unnamed: 0.22,Unnamed: 0.21,Unnamed: 0.20,Unnamed: 0.19,Unnamed: 0.18,Unnamed: 0.17,Unnamed: 0.16,Unnamed: 0.15,Unnamed: 0.14,Unnamed: 0.13,Unnamed: 0.12,Unnamed: 0.11,Unnamed: 0.10,Unnamed: 0.9,Unnamed: 0.8,Unnamed: 0.7,Unnamed: 0.6,Unnamed: 0.5,Unnamed: 0.4,Unnamed: 0.3,Unnamed: 0.2,Unnamed: 0.1,Unnamed: 0,id,type,sectionId,sectionName,webPublicationDate,webTitle,webUrl,apiUrl,isHosted,pillarId,pillarName
0,0,0,0.0,0.0,0.0,0.0,0.0,0.0,0.0,0.0,0.0,0.0,0.0,0.0,0.0,0.0,0.0,0.0,0.0,0.0,0.0,0.0,0.0,0.0,0.0,0.0,0.0,0.0,0.0,0.0,0.0,0.0,0.0,0.0,0.0,0.0,0.0,0.0,0.0,0.0,0.0,0.0,0.0,0.0,0.0,0.0,0.0,0.0,0.0,0.0,0.0,0.0,0.0,0.0,0.0,0.0,0.0,0.0,0.0,0.0,0.0,0.0,0.0,0.0,0.0,0.0,0.0,0.0,0.0,0.0,0.0,0.0,0.0,0.0,0.0,0.0,0.0,0.0,0.0,0.0,0.0,0.0,0.0,0.0,0.0,0.0,0.0,0.0,0.0,0.0,0.0,0.0,0.0,0.0,0.0,0.0,0.0,0.0,0.0,0.0,0.0,0.0,0.0,0.0,0.0,0.0,0.0,0.0,0.0,0.0,0.0,0.0,education/2023/jun/02/parents-survey-mental-health-support-students-universities,article,education,Education,2023-06-02T05:00:06Z,Parents outline ‘woeful’ mental health support for students at UK universities,https://www.theguardian.com/education/2023/jun/02/parents-survey-mental-health-support-students-universities,https://content.guardianapis.com/education/2023/jun/02/parents-survey-mental-health-support-students-universities,False,pillar/news,News
1,1,1,1.0,1.0,1.0,1.0,1.0,1.0,1.0,1.0,1.0,1.0,1.0,1.0,1.0,1.0,1.0,1.0,1.0,1.0,1.0,1.0,1.0,1.0,1.0,1.0,1.0,1.0,1.0,1.0,1.0,1.0,1.0,1.0,1.0,1.0,1.0,1.0,1.0,1.0,1.0,1.0,1.0,1.0,1.0,1.0,1.0,1.0,1.0,1.0,1.0,1.0,1.0,1.0,1.0,1.0,1.0,1.0,1.0,1.0,1.0,1.0,1.0,1.0,1.0,1.0,1.0,1.0,1.0,1.0,1.0,1.0,1.0,1.0,1.0,1.0,1.0,1.0,1.0,1.0,1.0,1.0,1.0,1.0,1.0,1.0,1.0,1.0,1.0,1.0,1.0,1.0,1.0,1.0,1.0,1.0,1.0,1.0,1.0,1.0,1.0,1.0,1.0,1.0,1.0,1.0,0.0,,,,,,education/2023/jun/04/manchester-university-students-face-expulsion-over-rent-strike-protest,article,education,Education,2023-06-04T11:33:31Z,Manchester University students face expulsion over rent strike protest,https://www.theguardian.com/education/2023/jun/04/manchester-university-students-face-expulsion-over-rent-strike-protest,https://content.guardianapis.com/education/2023/jun/04/manchester-university-students-face-expulsion-over-rent-strike-protest,False,pillar/news,News
2,2,2,2.0,2.0,2.0,2.0,2.0,2.0,2.0,2.0,2.0,2.0,2.0,2.0,2.0,2.0,2.0,2.0,2.0,2.0,2.0,2.0,2.0,2.0,2.0,2.0,2.0,2.0,2.0,2.0,2.0,2.0,2.0,2.0,2.0,2.0,2.0,2.0,2.0,2.0,2.0,2.0,2.0,2.0,2.0,2.0,2.0,2.0,2.0,2.0,2.0,2.0,2.0,2.0,2.0,2.0,2.0,2.0,2.0,2.0,2.0,2.0,2.0,2.0,2.0,2.0,2.0,2.0,2.0,2.0,2.0,2.0,2.0,2.0,2.0,2.0,2.0,2.0,2.0,2.0,2.0,2.0,2.0,2.0,2.0,2.0,2.0,2.0,2.0,2.0,2.0,2.0,2.0,2.0,2.0,2.0,2.0,2.0,2.0,2.0,2.0,2.0,2.0,2.0,2.0,2.0,1.0,,,,,,education/2023/jun/04/disabled-children-disproportionately-affected-uk-cost-of-living-crisis,article,education,Education,2023-06-04T10:00:11Z,Disabled children disproportionately affected by UK cost of living crisis,https://www.theguardian.com/education/2023/jun/04/disabled-children-disproportionately-affected-uk-cost-of-living-crisis,https://content.guardianapis.com/education/2023/jun/04/disabled-children-disproportionately-affected-uk-cost-of-living-crisis,False,pillar/news,News
3,3,3,3.0,3.0,3.0,3.0,3.0,3.0,3.0,3.0,3.0,3.0,3.0,3.0,3.0,3.0,3.0,3.0,3.0,3.0,3.0,3.0,3.0,3.0,3.0,3.0,3.0,3.0,3.0,3.0,3.0,3.0,3.0,3.0,3.0,3.0,3.0,3.0,3.0,3.0,3.0,3.0,3.0,3.0,3.0,3.0,3.0,3.0,3.0,3.0,3.0,3.0,3.0,3.0,3.0,3.0,3.0,3.0,3.0,3.0,3.0,3.0,3.0,3.0,3.0,3.0,3.0,3.0,3.0,3.0,3.0,3.0,3.0,3.0,3.0,3.0,3.0,3.0,3.0,3.0,3.0,3.0,3.0,3.0,3.0,3.0,3.0,3.0,3.0,3.0,3.0,3.0,3.0,3.0,3.0,3.0,3.0,3.0,3.0,3.0,3.0,3.0,3.0,3.0,3.0,0.0,,,,,,,education/2023/jun/04/brucey-and-caesar-can-help-children-improve-oracy-says-classic-professor,article,education,Education,2023-06-04T16:42:13Z,"Nice to teach you: Brucie can help boost children’s speech, says classics professor",https://www.theguardian.com/education/2023/jun/04/brucey-and-caesar-can-help-children-improve-oracy-says-classic-professor,https://content.guardianapis.com/education/2023/jun/04/brucey-and-caesar-can-help-children-improve-oracy-says-classic-professor,False,pillar/news,News
4,4,4,4.0,4.0,4.0,4.0,4.0,4.0,4.0,4.0,4.0,4.0,4.0,4.0,4.0,4.0,4.0,4.0,4.0,4.0,4.0,4.0,4.0,4.0,4.0,4.0,4.0,4.0,4.0,4.0,4.0,4.0,4.0,4.0,4.0,4.0,4.0,4.0,4.0,4.0,4.0,4.0,4.0,4.0,4.0,4.0,4.0,4.0,4.0,4.0,4.0,4.0,4.0,4.0,4.0,4.0,4.0,4.0,4.0,4.0,4.0,4.0,4.0,4.0,4.0,4.0,4.0,4.0,4.0,4.0,4.0,4.0,4.0,4.0,4.0,4.0,4.0,4.0,4.0,4.0,4.0,4.0,4.0,4.0,4.0,4.0,4.0,4.0,4.0,4.0,4.0,4.0,4.0,4.0,4.0,4.0,4.0,4.0,4.0,4.0,4.0,4.0,4.0,4.0,0.0,,,,,,,,education/2023/jun/05/how-britain-was-shaped-by-the-roads-not-taken,article,education,Education,2023-06-05T16:09:55Z,How Britain was shaped by the roads not taken | Letters,https://www.theguardian.com/education/2023/jun/05/how-britain-was-shaped-by-the-roads-not-taken,https://content.guardianapis.com/education/2023/jun/05/how-britain-was-shaped-by-the-roads-not-taken,False,pillar/news,News
5,5,5,5.0,5.0,5.0,5.0,5.0,5.0,5.0,5.0,5.0,5.0,5.0,5.0,5.0,5.0,5.0,5.0,5.0,5.0,5.0,5.0,5.0,5.0,5.0,5.0,5.0,5.0,5.0,5.0,5.0,5.0,5.0,5.0,5.0,5.0,5.0,5.0,5.0,5.0,5.0,5.0,5.0,5.0,5.0,5.0,5.0,5.0,5.0,5.0,5.0,5.0,5.0,5.0,5.0,5.0,5.0,5.0,5.0,5.0,5.0,5.0,5.0,5.0,5.0,5.0,5.0,5.0,5.0,5.0,5.0,5.0,5.0,5.0,5.0,5.0,5.0,5.0,5.0,5.0,5.0,5.0,5.0,5.0,5.0,5.0,5.0,5.0,5.0,5.0,5.0,5.0,5.0,5.0,5.0,5.0,5.0,5.0,5.0,5.0,5.0,5.0,5.0,5.0,1.0,,,,,,,,education/2023/jun/05/brian-howes-obituary,article,education,Education,2023-06-05T16:08:36Z,Brian Howes obituary,https://www.theguardian.com/education/2023/jun/05/brian-howes-obituary,https://content.guardianapis.com/education/2023/jun/05/brian-howes-obituary,False,pillar/news,News
6,6,6,6.0,6.0,6.0,6.0,6.0,6.0,6.0,6.0,6.0,6.0,6.0,6.0,6.0,6.0,6.0,6.0,6.0,6.0,6.0,6.0,6.0,6.0,6.0,6.0,6.0,6.0,6.0,6.0,6.0,6.0,6.0,6.0,6.0,6.0,6.0,6.0,6.0,6.0,6.0,6.0,6.0,6.0,6.0,6.0,6.0,6.0,6.0,6.0,6.0,6.0,6.0,6.0,6.0,6.0,6.0,6.0,6.0,6.0,6.0,6.0,6.0,6.0,6.0,6.0,6.0,6.0,6.0,6.0,6.0,6.0,6.0,6.0,6.0,6.0,6.0,6.0,6.0,6.0,6.0,6.0,6.0,6.0,6.0,6.0,6.0,6.0,6.0,6.0,6.0,6.0,6.0,6.0,6.0,6.0,6.0,6.0,6.0,6.0,6.0,6.0,6.0,6.0,2.0,,,,,,,,education/2023/jun/05/matt-cook-oxford-university-appoints-uk-first-professor-of-lgbtq-history,article,education,Education,2023-06-05T15:40:19Z,Oxford University appoints UK’s first professor of LGBTQ+ history,https://www.theguardian.com/education/2023/jun/05/matt-cook-oxford-university-appoints-uk-first-professor-of-lgbtq-history,https://content.guardianapis.com/education/2023/jun/05/matt-cook-oxford-university-appoints-uk-first-professor-of-lgbtq-history,False,pillar/news,News
7,7,7,7.0,7.0,7.0,7.0,7.0,7.0,7.0,7.0,7.0,7.0,7.0,7.0,7.0,7.0,7.0,7.0,7.0,7.0,7.0,7.0,7.0,7.0,7.0,7.0,7.0,7.0,7.0,7.0,7.0,7.0,7.0,7.0,7.0,7.0,7.0,7.0,7.0,7.0,7.0,7.0,7.0,7.0,7.0,7.0,7.0,7.0,7.0,7.0,7.0,7.0,7.0,7.0,7.0,7.0,7.0,7.0,7.0,7.0,7.0,7.0,7.0,7.0,7.0,7.0,7.0,7.0,7.0,7.0,7.0,7.0,7.0,7.0,7.0,7.0,7.0,7.0,7.0,7.0,7.0,7.0,7.0,7.0,7.0,7.0,7.0,7.0,7.0,7.0,7.0,7.0,7.0,7.0,7.0,7.0,7.0,7.0,7.0,7.0,7.0,7.0,7.0,0.0,,,,,,,,,education/2023/jun/05/universities-accused-of-hiding-student-suicide-attempts-behind-gdpr,article,education,Education,2023-06-05T18:53:52Z,Universities accused of hiding student suicide attempts behind GDPR,https://www.theguardian.com/education/2023/jun/05/universities-accused-of-hiding-student-suicide-attempts-behind-gdpr,https://content.guardianapis.com/education/2023/jun/05/universities-accused-of-hiding-student-suicide-attempts-behind-gdpr,False,pillar/news,News
8,8,8,8.0,8.0,8.0,8.0,8.0,8.0,8.0,8.0,8.0,8.0,8.0,8.0,8.0,8.0,8.0,8.0,8.0,8.0,8.0,8.0,8.0,8.0,8.0,8.0,8.0,8.0,8.0,8.0,8.0,8.0,8.0,8.0,8.0,8.0,8.0,8.0,8.0,8.0,8.0,8.0,8.0,8.0,8.0,8.0,8.0,8.0,8.0,8.0,8.0,8.0,8.0,8.0,8.0,8.0,8.0,8.0,8.0,8.0,8.0,8.0,8.0,8.0,8.0,8.0,8.0,8.0,8.0,8.0,8.0,8.0,8.0,8.0,8.0,8.0,8.0,8.0,8.0,8.0,8.0,8.0,8.0,8.0,8.0,8.0,8.0,8.0,8.0,8.0,8.0,8.0,8.0,8.0,8.0,8.0,8.0,8.0,8.0,8.0,8.0,8.0,8.0,1.0,,,,,,,,,education/2023/jun/05/recorder-fans-warn-instrument-heading-for-extinction-pandemic-decline-young-people,article,education,Education,2023-06-05T17:18:20Z,Clarion call: recorder fans warn instrument heading for extinction,https://www.theguardian.com/education/2023/jun/05/recorder-fans-warn-instrument-heading-for-extinction-pandemic-decline-young-people,https://content.guardianapis.com/education/2023/jun/05/recorder-fans-warn-instrument-heading-for-extinction-pandemic-decline-young-people,False,pillar/news,News
9,9,9,9.0,9.0,9.0,9.0,9.0,9.0,9.0,9.0,9.0,9.0,9.0,9.0,9.0,9.0,9.0,9.0,9.0,9.0,9.0,9.0,9.0,9.0,9.0,9.0,9.0,9.0,9.0,9.0,9.0,9.0,9.0,9.0,9.0,9.0,9.0,9.0,9.0,9.0,9.0,9.0,9.0,9.0,9.0,9.0,9.0,9.0,9.0,9.0,9.0,9.0,9.0,9.0,9.0,9.0,9.0,9.0,9.0,9.0,9.0,9.0,9.0,9.0,9.0,9.0,9.0,9.0,9.0,9.0,9.0,9.0,9.0,9.0,9.0,9.0,9.0,9.0,9.0,9.0,9.0,9.0,9.0,9.0,9.0,9.0,9.0,9.0,9.0,9.0,9.0,9.0,9.0,9.0,9.0,9.0,9.0,9.0,9.0,9.0,9.0,9.0,0.0,,,,,,,,,,education/2023/jun/06/letters-colin-rochester-obituary,article,education,Education,2023-06-06T15:28:25Z,Letters: Colin Rochester obituary,https://www.theguardian.com/education/2023/jun/06/letters-colin-rochester-obituary,https://content.guardianapis.com/education/2023/jun/06/letters-colin-rochester-obituary,False,pillar/news,News
10,10,10,10.0,10.0,10.0,10.0,10.0,10.0,10.0,10.0,10.0,10.0,10.0,10.0,10.0,10.0,10.0,10.0,10.0,10.0,10.0,10.0,10.0,10.0,10.0,10.0,10.0,10.0,10.0,10.0,10.0,10.0,10.0,10.0,10.0,10.0,10.0,10.0,10.0,10.0,10.0,10.0,10.0,10.0,10.0,10.0,10.0,10.0,10.0,10.0,10.0,10.0,10.0,10.0,10.0,10.0,10.0,10.0,10.0,10.0,10.0,10.0,10.0,10.0,10.0,10.0,10.0,10.0,10.0,10.0,10.0,10.0,10.0,10.0,10.0,10.0,10.0,10.0,10.0,10.0,10.0,10.0,10.0,10.0,10.0,10.0,10.0,10.0,10.0,10.0,10.0,10.0,10.0,10.0,10.0,10.0,10.0,10.0,10.0,10.0,10.0,0.0,,,,,,,,,,,education/2023/jun/07/attainment-gap-poor-rich-pupils-england-covid-pandemic-public-accounts-committee,article,education,Education,2023-06-06T23:01:20Z,MPs call for action on pandemic-widened gap between England’s poor and rich pupils,https://www.theguardian.com/education/2023/jun/07/attainment-gap-poor-rich-pupils-england-covid-pandemic-public-accounts-committee,https://content.guardianapis.com/education/2023/jun/07/attainment-gap-poor-rich-pupils-england-covid-pandemic-public-accounts-committee,False,pillar/news,News
11,11,11,11.0,11.0,11.0,11.0,11.0,11.0,11.0,11.0,11.0,11.0,11.0,11.0,11.0,11.0,11.0,11.0,11.0,11.0,11.0,11.0,11.0,11.0,11.0,11.0,11.0,11.0,11.0,11.0,11.0,11.0,11.0,11.0,11.0,11.0,11.0,11.0,11.0,11.0,11.0,11.0,11.0,11.0,11.0,11.0,11.0,11.0,11.0,11.0,11.0,11.0,11.0,11.0,11.0,11.0,11.0,11.0,11.0,11.0,11.0,11.0,11.0,11.0,11.0,11.0,11.0,11.0,11.0,11.0,11.0,11.0,11.0,11.0,11.0,11.0,11.0,11.0,11.0,11.0,11.0,11.0,11.0,11.0,11.0,11.0,11.0,11.0,11.0,11.0,11.0,11.0,11.0,11.0,11.0,11.0,11.0,11.0,11.0,11.0,11.0,1.0,,,,,,,,,,,education/2023/jun/06/jenny-warner-obituary,article,education,Education,2023-06-06T20:31:12Z,Jenny Warner obituary,https://www.theguardian.com/education/2023/jun/06/jenny-warner-obituary,https://content.guardianapis.com/education/2023/jun/06/jenny-warner-obituary,False,pillar/news,News
12,12,12,12.0,12.0,12.0,12.0,12.0,12.0,12.0,12.0,12.0,12.0,12.0,12.0,12.0,12.0,12.0,12.0,12.0,12.0,12.0,12.0,12.0,12.0,12.0,12.0,12.0,12.0,12.0,12.0,12.0,12.0,12.0,12.0,12.0,12.0,12.0,12.0,12.0,12.0,12.0,12.0,12.0,12.0,12.0,12.0,12.0,12.0,12.0,12.0,12.0,12.0,12.0,12.0,12.0,12.0,12.0,12.0,12.0,12.0,12.0,12.0,12.0,12.0,12.0,12.0,12.0,12.0,12.0,12.0,12.0,12.0,12.0,12.0,12.0,12.0,12.0,12.0,12.0,12.0,12.0,12.0,12.0,12.0,12.0,12.0,12.0,12.0,12.0,12.0,12.0,12.0,12.0,12.0,12.0,12.0,12.0,12.0,12.0,12.0,12.0,2.0,,,,,,,,,,,education/2023/jun/06/london-school-drops-sir-and-miss-honorifics-to-fight-cultural-misogyny,article,education,Education,2023-06-06T17:10:29Z,London school drops ‘Sir’ and ‘Miss’ honorifics to fight cultural misogyny,https://www.theguardian.com/education/2023/jun/06/london-school-drops-sir-and-miss-honorifics-to-fight-cultural-misogyny,https://content.guardianapis.com/education/2023/jun/06/london-school-drops-sir-and-miss-honorifics-to-fight-cultural-misogyny,False,pillar/news,News
13,13,13,13.0,13.0,13.0,13.0,13.0,13.0,13.0,13.0,13.0,13.0,13.0,13.0,13.0,13.0,13.0,13.0,13.0,13.0,13.0,13.0,13.0,13.0,13.0,13.0,13.0,13.0,13.0,13.0,13.0,13.0,13.0,13.0,13.0,13.0,13.0,13.0,13.0,13.0,13.0,13.0,13.0,13.0,13.0,13.0,13.0,13.0,13.0,13.0,13.0,13.0,13.0,13.0,13.0,13.0,13.0,13.0,13.0,13.0,13.0,13.0,13.0,13.0,13.0,13.0,13.0,13.0,13.0,13.0,13.0,13.0,13.0,13.0,13.0,13.0,13.0,13.0,13.0,13.0,13.0,13.0,13.0,13.0,13.0,13.0,13.0,13.0,13.0,13.0,13.0,13.0,13.0,13.0,13.0,13.0,13.0,13.0,13.0,13.0,0.0,,,,,,,,,,,,education/2023/jun/07/children-attention-span-shorter-covid-crisis-teachers-england-primary,article,education,Education,2023-06-07T08:38:10Z,"Children’s attention span ‘shorter than ever’ since Covid crisis, say teachers in England",https://www.theguardian.com/education/2023/jun/07/children-attention-span-shorter-covid-crisis-teachers-england-primary,https://content.guardianapis.com/education/2023/jun/07/children-attention-span-shorter-covid-crisis-teachers-england-primary,False,pillar/news,News
14,14,14,14.0,14.0,14.0,14.0,14.0,14.0,14.0,14.0,14.0,14.0,14.0,14.0,14.0,14.0,14.0,14.0,14.0,14.0,14.0,14.0,14.0,14.0,14.0,14.0,14.0,14.0,14.0,14.0,14.0,14.0,14.0,14.0,14.0,14.0,14.0,14.0,14.0,14.0,14.0,14.0,14.0,14.0,14.0,14.0,14.0,14.0,14.0,14.0,14.0,14.0,14.0,14.0,14.0,14.0,14.0,14.0,14.0,14.0,14.0,14.0,14.0,14.0,14.0,14.0,14.0,14.0,14.0,14.0,14.0,14.0,14.0,14.0,14.0,14.0,14.0,14.0,14.0,14.0,14.0,14.0,14.0,14.0,14.0,14.0,14.0,14.0,14.0,14.0,14.0,14.0,14.0,14.0,14.0,14.0,14.0,14.0,0.0,,,,,,,,,,,,,,education/2023/jun/08/state-school-pupils-at-a-disadvantage-from-tougher-exams,article,education,Education,2023-06-08T16:56:52Z,State school pupils at a disadvantage from tougher exams | Letter,https://www.theguardian.com/education/2023/jun/08/state-school-pupils-at-a-disadvantage-from-tougher-exams,https://content.guardianapis.com/education/2023/jun/08/state-school-pupils-at-a-disadvantage-from-tougher-exams,False,pillar/news,News
15,15,15,15.0,15.0,15.0,15.0,15.0,15.0,15.0,15.0,15.0,15.0,15.0,15.0,15.0,15.0,15.0,15.0,15.0,15.0,15.0,15.0,15.0,15.0,15.0,15.0,15.0,15.0,15.0,15.0,15.0,15.0,15.0,15.0,15.0,15.0,15.0,15.0,15.0,15.0,15.0,15.0,15.0,15.0,15.0,15.0,15.0,15.0,15.0,15.0,15.0,15.0,15.0,15.0,15.0,15.0,15.0,15.0,15.0,15.0,15.0,15.0,15.0,15.0,15.0,15.0,15.0,15.0,15.0,15.0,15.0,15.0,15.0,15.0,15.0,15.0,15.0,15.0,15.0,15.0,15.0,15.0,15.0,15.0,15.0,15.0,15.0,15.0,15.0,15.0,15.0,15.0,15.0,15.0,15.0,15.0,15.0,15.0,1.0,,,,,,,,,,,,,,education/2023/jun/08/teachers-england-schools-figures-department-education-survey,article,education,Education,2023-06-08T15:53:28Z,"Record numbers of teachers in England quitting profession, figures show",https://www.theguardian.com/education/2023/jun/08/teachers-england-schools-figures-department-education-survey,https://content.guardianapis.com/education/2023/jun/08/teachers-england-schools-figures-department-education-survey,False,pillar/news,News
16,16,16,16.0,16.0,16.0,16.0,16.0,16.0,16.0,16.0,16.0,16.0,16.0,16.0,16.0,16.0,16.0,16.0,16.0,16.0,16.0,16.0,16.0,16.0,16.0,16.0,16.0,16.0,16.0,16.0,16.0,16.0,16.0,16.0,16.0,16.0,16.0,16.0,16.0,16.0,16.0,16.0,16.0,16.0,16.0,16.0,16.0,16.0,16.0,16.0,16.0,16.0,16.0,16.0,16.0,16.0,16.0,16.0,16.0,16.0,16.0,16.0,16.0,16.0,16.0,16.0,16.0,16.0,16.0,16.0,16.0,16.0,16.0,16.0,16.0,16.0,16.0,16.0,16.0,16.0,16.0,16.0,16.0,16.0,16.0,16.0,16.0,16.0,16.0,16.0,16.0,16.0,16.0,16.0,16.0,16.0,16.0,0.0,,,,,,,,,,,,,,,education/2023/jun/08/40-security-guards-ucl-could-lose-jobs-restructuring,article,education,Education,2023-06-08T18:12:57Z,Up to 40 security guards at UCL could lose jobs under restructuring,https://www.theguardian.com/education/2023/jun/08/40-security-guards-ucl-could-lose-jobs-restructuring,https://content.guardianapis.com/education/2023/jun/08/40-security-guards-ucl-could-lose-jobs-restructuring,False,pillar/news,News
17,17,17,17.0,17.0,17.0,17.0,17.0,17.0,17.0,17.0,17.0,17.0,17.0,17.0,17.0,17.0,17.0,17.0,17.0,17.0,17.0,17.0,17.0,17.0,17.0,17.0,17.0,17.0,17.0,17.0,17.0,17.0,17.0,17.0,17.0,17.0,17.0,17.0,17.0,17.0,17.0,17.0,17.0,17.0,17.0,17.0,17.0,17.0,17.0,17.0,17.0,17.0,17.0,17.0,17.0,17.0,17.0,17.0,17.0,17.0,17.0,17.0,17.0,17.0,17.0,17.0,17.0,17.0,17.0,17.0,17.0,17.0,17.0,17.0,17.0,17.0,17.0,17.0,17.0,17.0,17.0,17.0,17.0,17.0,17.0,17.0,17.0,17.0,17.0,17.0,17.0,17.0,17.0,17.0,17.0,17.0,0.0,,,,,,,,,,,,,,,,education/2023/jun/09/maths-is-everywhere-as-those-who-struggle-with-numbers-well-know,article,education,Education,2023-06-09T15:58:59Z,"Maths is everywhere, as those who struggle with numbers well know | Letters",https://www.theguardian.com/education/2023/jun/09/maths-is-everywhere-as-those-who-struggle-with-numbers-well-know,https://content.guardianapis.com/education/2023/jun/09/maths-is-everywhere-as-those-who-struggle-with-numbers-well-know,False,pillar/news,News
18,18,18,18.0,18.0,18.0,18.0,18.0,18.0,18.0,18.0,18.0,18.0,18.0,18.0,18.0,18.0,18.0,18.0,18.0,18.0,18.0,18.0,18.0,18.0,18.0,18.0,18.0,18.0,18.0,18.0,18.0,18.0,18.0,18.0,18.0,18.0,18.0,18.0,18.0,18.0,18.0,18.0,18.0,18.0,18.0,18.0,18.0,18.0,18.0,18.0,18.0,18.0,18.0,18.0,18.0,18.0,18.0,18.0,18.0,18.0,18.0,18.0,18.0,18.0,18.0,18.0,18.0,18.0,18.0,18.0,18.0,18.0,18.0,18.0,18.0,18.0,18.0,18.0,18.0,18.0,18.0,18.0,18.0,18.0,18.0,18.0,18.0,18.0,18.0,18.0,18.0,18.0,18.0,18.0,0.0,,,,,,,,,,,,,,,,,,education/2023/jun/10/government-fanning-culture-war-over-free-speech-says-uks-first-lgbtq-history-professor,article,education,Education,2023-06-10T06:00:16Z,"Government ‘fanning culture war’ over free speech, says UK’s first LGBTQ+ history professor ",https://www.theguardian.com/education/2023/jun/10/government-fanning-culture-war-over-free-speech-says-uks-first-lgbtq-history-professor,https://content.guardianapis.com/education/2023/jun/10/government-fanning-culture-war-over-free-speech-says-uks-first-lgbtq-history-professor,False,pillar/news,News
19,19,19,19.0,19.0,19.0,19.0,19.0,19.0,19.0,19.0,19.0,19.0,19.0,19.0,19.0,19.0,19.0,19.0,19.0,19.0,19.0,19.0,19.0,19.0,19.0,19.0,19.0,19.0,19.0,19.0,19.0,19.0,19.0,19.0,19.0,19.0,19.0,19.0,19.0,19.0,19.0,19.0,19.0,19.0,19.0,19.0,19.0,19.0,19.0,19.0,19.0,19.0,19.0,19.0,19.0,19.0,19.0,19.0,19.0,19.0,19.0,19.0,19.0,19.0,19.0,19.0,19.0,19.0,19.0,19.0,19.0,19.0,19.0,19.0,19.0,19.0,19.0,19.0,19.0,19.0,19.0,19.0,19.0,19.0,19.0,19.0,19.0,19.0,19.0,19.0,19.0,19.0,19.0,0.0,,,,,,,,,,,,,,,,,,,education/2023/jun/11/australian-universities-to-offer-microcredentials-in-key-areas-to-address-skills-crisis,article,education,Education,2023-06-11T03:45:03Z,Australian universities to offer ‘microcredentials’ in key areas to address skills crisis,https://www.theguardian.com/education/2023/jun/11/australian-universities-to-offer-microcredentials-in-key-areas-to-address-skills-crisis,https://content.guardianapis.com/education/2023/jun/11/australian-universities-to-offer-microcredentials-in-key-areas-to-address-skills-crisis,False,pillar/news,News
20,20,20,20.0,20.0,20.0,20.0,20.0,20.0,20.0,20.0,20.0,20.0,20.0,20.0,20.0,20.0,20.0,20.0,20.0,20.0,20.0,20.0,20.0,20.0,20.0,20.0,20.0,20.0,20.0,20.0,20.0,20.0,20.0,20.0,20.0,20.0,20.0,20.0,20.0,20.0,20.0,20.0,20.0,20.0,20.0,20.0,20.0,20.0,20.0,20.0,20.0,20.0,20.0,20.0,20.0,20.0,20.0,20.0,20.0,20.0,20.0,20.0,20.0,20.0,20.0,20.0,20.0,20.0,20.0,20.0,20.0,20.0,20.0,20.0,20.0,20.0,20.0,20.0,20.0,20.0,20.0,20.0,20.0,20.0,20.0,20.0,20.0,20.0,20.0,20.0,20.0,0.0,,,,,,,,,,,,,,,,,,,,,education/2023/jun/12/ofsted-school-inspection-ruth-perry-sister,article,education,Education,2023-06-11T23:01:04Z,Ofsted school inspection reforms ‘nowhere near enough’,https://www.theguardian.com/education/2023/jun/12/ofsted-school-inspection-ruth-perry-sister,https://content.guardianapis.com/education/2023/jun/12/ofsted-school-inspection-ruth-perry-sister,False,pillar/news,News
21,21,21,21.0,21.0,21.0,21.0,21.0,21.0,21.0,21.0,21.0,21.0,21.0,21.0,21.0,21.0,21.0,21.0,21.0,21.0,21.0,21.0,21.0,21.0,21.0,21.0,21.0,21.0,21.0,21.0,21.0,21.0,21.0,21.0,21.0,21.0,21.0,21.0,21.0,21.0,21.0,21.0,21.0,21.0,21.0,21.0,21.0,21.0,21.0,21.0,21.0,21.0,21.0,21.0,21.0,21.0,21.0,21.0,21.0,21.0,21.0,21.0,21.0,21.0,21.0,21.0,21.0,21.0,21.0,21.0,21.0,21.0,21.0,21.0,21.0,21.0,21.0,21.0,21.0,21.0,21.0,21.0,21.0,21.0,21.0,21.0,21.0,21.0,21.0,21.0,0.0,,,,,,,,,,,,,,,,,,,,,,education/2023/jun/12/scrapping-one-word-gradings-wont-solve-heads-discomfort-says-ofsted-chief,article,education,Education,2023-06-12T10:31:29Z,"Scrapping one-word gradings won’t solve heads’ ‘discomfort’, says Ofsted chief",https://www.theguardian.com/education/2023/jun/12/scrapping-one-word-gradings-wont-solve-heads-discomfort-says-ofsted-chief,https://content.guardianapis.com/education/2023/jun/12/scrapping-one-word-gradings-wont-solve-heads-discomfort-says-ofsted-chief,False,pillar/news,News
22,22,22,22.0,22.0,22.0,22.0,22.0,22.0,22.0,22.0,22.0,22.0,22.0,22.0,22.0,22.0,22.0,22.0,22.0,22.0,22.0,22.0,22.0,22.0,22.0,22.0,22.0,22.0,22.0,22.0,22.0,22.0,22.0,22.0,22.0,22.0,22.0,22.0,22.0,22.0,22.0,22.0,22.0,22.0,22.0,22.0,22.0,22.0,22.0,22.0,22.0,22.0,22.0,22.0,22.0,22.0,22.0,22.0,22.0,22.0,22.0,22.0,22.0,22.0,22.0,22.0,22.0,22.0,22.0,22.0,22.0,22.0,22.0,22.0,22.0,22.0,22.0,22.0,22.0,22.0,22.0,22.0,22.0,22.0,22.0,22.0,22.0,22.0,0.0,,,,,,,,,,,,,,,,,,,,,,,,education/2023/jun/13/ofsted-chief-says-system-did-not-work-as-well-as-it-should-after-abuse-at-school,article,education,Education,2023-06-13T17:00:52Z,Ofsted chief admits system ‘did not work as well as it should’ after abuse at school,https://www.theguardian.com/education/2023/jun/13/ofsted-chief-says-system-did-not-work-as-well-as-it-should-after-abuse-at-school,https://content.guardianapis.com/education/2023/jun/13/ofsted-chief-says-system-did-not-work-as-well-as-it-should-after-abuse-at-school,False,pillar/news,News
23,23,23,23.0,23.0,23.0,23.0,23.0,23.0,23.0,23.0,23.0,23.0,23.0,23.0,23.0,23.0,23.0,23.0,23.0,23.0,23.0,23.0,23.0,23.0,23.0,23.0,23.0,23.0,23.0,23.0,23.0,23.0,23.0,23.0,23.0,23.0,23.0,23.0,23.0,23.0,23.0,23.0,23.0,23.0,23.0,23.0,23.0,23.0,23.0,23.0,23.0,23.0,23.0,23.0,23.0,23.0,23.0,23.0,23.0,23.0,23.0,23.0,23.0,23.0,23.0,23.0,23.0,23.0,23.0,23.0,23.0,23.0,23.0,23.0,23.0,23.0,23.0,23.0,23.0,23.0,23.0,23.0,23.0,23.0,23.0,23.0,23.0,0.0,,,,,,,,,,,,,,,,,,,,,,,,,education/2023/jun/14/uk-public-buildings-feared-to-be-at-risk-of-collapse-as-concrete-crumbles,article,education,Education,2023-06-14T05:00:04Z,UK public buildings feared to be at risk of collapse as concrete crumbles,https://www.theguardian.com/education/2023/jun/14/uk-public-buildings-feared-to-be-at-risk-of-collapse-as-concrete-crumbles,https://content.guardianapis.com/education/2023/jun/14/uk-public-buildings-feared-to-be-at-risk-of-collapse-as-concrete-crumbles,False,pillar/news,News
24,24,24,24.0,24.0,24.0,24.0,24.0,24.0,24.0,24.0,24.0,24.0,24.0,24.0,24.0,24.0,24.0,24.0,24.0,24.0,24.0,24.0,24.0,24.0,24.0,24.0,24.0,24.0,24.0,24.0,24.0,24.0,24.0,24.0,24.0,24.0,24.0,24.0,24.0,24.0,24.0,24.0,24.0,24.0,24.0,24.0,24.0,24.0,24.0,24.0,24.0,24.0,24.0,24.0,24.0,24.0,24.0,24.0,24.0,24.0,24.0,24.0,24.0,24.0,24.0,24.0,24.0,24.0,24.0,24.0,24.0,24.0,24.0,24.0,24.0,24.0,24.0,24.0,24.0,24.0,24.0,24.0,24.0,24.0,24.0,0.0,,,,,,,,,,,,,,,,,,,,,,,,,,,education/2023/jun/15/uk-university-staff-only-read-students-personal-statements-for-two-minutes,article,education,Education,2023-06-15T05:00:23Z,UK university staff only read students’ personal statements for two minutes,https://www.theguardian.com/education/2023/jun/15/uk-university-staff-only-read-students-personal-statements-for-two-minutes,https://content.guardianapis.com/education/2023/jun/15/uk-university-staff-only-read-students-personal-statements-for-two-minutes,False,pillar/news,News
25,25,25,25.0,25.0,25.0,25.0,25.0,25.0,25.0,25.0,25.0,25.0,25.0,25.0,25.0,25.0,25.0,25.0,25.0,25.0,25.0,25.0,25.0,25.0,25.0,25.0,25.0,25.0,25.0,25.0,25.0,25.0,25.0,25.0,25.0,25.0,25.0,25.0,25.0,25.0,25.0,25.0,25.0,25.0,25.0,25.0,25.0,25.0,25.0,25.0,25.0,25.0,25.0,25.0,25.0,25.0,25.0,25.0,25.0,25.0,25.0,25.0,25.0,25.0,25.0,25.0,25.0,25.0,25.0,25.0,25.0,25.0,25.0,25.0,25.0,25.0,25.0,25.0,25.0,25.0,25.0,25.0,0.0,,,,,,,,,,,,,,,,,,,,,,,,,,,,,,education/2023/jun/16/former-ofsted-chief-school-inspections-should-change-after-headteacher-death,article,education,Education,2023-06-16T17:31:37Z,Former Ofsted chief: school inspections should change after headteacher’s death,https://www.theguardian.com/education/2023/jun/16/former-ofsted-chief-school-inspections-should-change-after-headteacher-death,https://content.guardianapis.com/education/2023/jun/16/former-ofsted-chief-school-inspections-should-change-after-headteacher-death,False,pillar/news,News
26,26,26,26.0,26.0,26.0,26.0,26.0,26.0,26.0,26.0,26.0,26.0,26.0,26.0,26.0,26.0,26.0,26.0,26.0,26.0,26.0,26.0,26.0,26.0,26.0,26.0,26.0,26.0,26.0,26.0,26.0,26.0,26.0,26.0,26.0,26.0,26.0,26.0,26.0,26.0,26.0,26.0,26.0,26.0,26.0,26.0,26.0,26.0,26.0,26.0,26.0,26.0,26.0,26.0,26.0,26.0,26.0,26.0,26.0,26.0,26.0,26.0,26.0,26.0,26.0,26.0,26.0,26.0,26.0,26.0,26.0,26.0,26.0,26.0,26.0,26.0,26.0,26.0,26.0,26.0,26.0,26.0,1.0,,,,,,,,,,,,,,,,,,,,,,,,,,,,,,education/2023/jun/16/all-children-should-have-access-to-the-arts-not-just-the-middle-class,article,education,Education,2023-06-16T16:47:21Z,"All children should have access to the arts, not just the middle class | Letter",https://www.theguardian.com/education/2023/jun/16/all-children-should-have-access-to-the-arts-not-just-the-middle-class,https://content.guardianapis.com/education/2023/jun/16/all-children-should-have-access-to-the-arts-not-just-the-middle-class,False,pillar/news,News
27,27,27,27.0,27.0,27.0,27.0,27.0,27.0,27.0,27.0,27.0,27.0,27.0,27.0,27.0,27.0,27.0,27.0,27.0,27.0,27.0,27.0,27.0,27.0,27.0,27.0,27.0,27.0,27.0,27.0,27.0,27.0,27.0,27.0,27.0,27.0,27.0,27.0,27.0,27.0,27.0,27.0,27.0,27.0,27.0,27.0,27.0,27.0,27.0,27.0,27.0,27.0,27.0,27.0,27.0,27.0,27.0,27.0,27.0,27.0,27.0,27.0,27.0,27.0,27.0,27.0,27.0,27.0,27.0,27.0,27.0,27.0,27.0,27.0,27.0,27.0,27.0,27.0,27.0,27.0,27.0,27.0,2.0,,,,,,,,,,,,,,,,,,,,,,,,,,,,,,education/2023/jun/16/janet-townsend-obituary,article,education,Education,2023-06-16T16:17:19Z,Janet Townsend obituary,https://www.theguardian.com/education/2023/jun/16/janet-townsend-obituary,https://content.guardianapis.com/education/2023/jun/16/janet-townsend-obituary,False,pillar/news,News
28,28,28,28.0,28.0,28.0,28.0,28.0,28.0,28.0,28.0,28.0,28.0,28.0,28.0,28.0,28.0,28.0,28.0,28.0,28.0,28.0,28.0,28.0,28.0,28.0,28.0,28.0,28.0,28.0,28.0,28.0,28.0,28.0,28.0,28.0,28.0,28.0,28.0,28.0,28.0,28.0,28.0,28.0,28.0,28.0,28.0,28.0,28.0,28.0,28.0,28.0,28.0,28.0,28.0,28.0,28.0,28.0,28.0,28.0,28.0,28.0,28.0,28.0,28.0,28.0,28.0,28.0,28.0,28.0,28.0,28.0,28.0,28.0,28.0,28.0,28.0,28.0,28.0,28.0,28.0,28.0,28.0,3.0,,,,,,,,,,,,,,,,,,,,,,,,,,,,,,education/2023/jun/16/george-washington-university-professor-antisemitism-palestine-dc,article,education,Education,2023-06-16T10:00:43Z,Inside the war tearing psychoanalysis apart: ‘The most hatred I have ever witnessed’,https://www.theguardian.com/education/2023/jun/16/george-washington-university-professor-antisemitism-palestine-dc,https://content.guardianapis.com/education/2023/jun/16/george-washington-university-professor-antisemitism-palestine-dc,False,pillar/news,News
29,29,29,29.0,29.0,29.0,29.0,29.0,29.0,29.0,29.0,29.0,29.0,29.0,29.0,29.0,29.0,29.0,29.0,29.0,29.0,29.0,29.0,29.0,29.0,29.0,29.0,29.0,29.0,29.0,29.0,29.0,29.0,29.0,29.0,29.0,29.0,29.0,29.0,29.0,29.0,29.0,29.0,29.0,29.0,29.0,29.0,29.0,29.0,29.0,29.0,29.0,29.0,29.0,29.0,29.0,29.0,29.0,29.0,29.0,29.0,29.0,29.0,29.0,29.0,29.0,29.0,29.0,29.0,29.0,29.0,29.0,29.0,29.0,29.0,29.0,29.0,29.0,29.0,29.0,29.0,29.0,29.0,4.0,,,,,,,,,,,,,,,,,,,,,,,,,,,,,,education/2023/jun/16/student-loan-debt-in-england-surpasses-200bn-for-first-time,article,education,Education,2023-06-16T06:00:38Z,Student loan debt in England surpasses £200bn for first time,https://www.theguardian.com/education/2023/jun/16/student-loan-debt-in-england-surpasses-200bn-for-first-time,https://content.guardianapis.com/education/2023/jun/16/student-loan-debt-in-england-surpasses-200bn-for-first-time,False,pillar/news,News
30,30,30,30.0,30.0,30.0,30.0,30.0,30.0,30.0,30.0,30.0,30.0,30.0,30.0,30.0,30.0,30.0,30.0,30.0,30.0,30.0,30.0,30.0,30.0,30.0,30.0,30.0,30.0,30.0,30.0,30.0,30.0,30.0,30.0,30.0,30.0,30.0,30.0,30.0,30.0,30.0,30.0,30.0,30.0,30.0,30.0,30.0,30.0,30.0,30.0,30.0,30.0,30.0,30.0,30.0,30.0,30.0,30.0,30.0,30.0,30.0,30.0,30.0,30.0,30.0,30.0,30.0,30.0,30.0,30.0,30.0,30.0,30.0,30.0,30.0,30.0,30.0,30.0,30.0,30.0,0.0,,,,,,,,,,,,,,,,,,,,,,,,,,,,,,,,education/2023/jun/17/trying-to-find-a-maths-or-science-teacher-is-like-looking-for-a-unicorn-inside-english-schools-recruitment-crisis,article,education,Education,2023-06-17T16:00:19Z,‘Like looking for a unicorn’: inside English schools’ recruitment crisis,https://www.theguardian.com/education/2023/jun/17/trying-to-find-a-maths-or-science-teacher-is-like-looking-for-a-unicorn-inside-english-schools-recruitment-crisis,https://content.guardianapis.com/education/2023/jun/17/trying-to-find-a-maths-or-science-teacher-is-like-looking-for-a-unicorn-inside-english-schools-recruitment-crisis,False,pillar/news,News
31,31,31,31.0,31.0,31.0,31.0,31.0,31.0,31.0,31.0,31.0,31.0,31.0,31.0,31.0,31.0,31.0,31.0,31.0,31.0,31.0,31.0,31.0,31.0,31.0,31.0,31.0,31.0,31.0,31.0,31.0,31.0,31.0,31.0,31.0,31.0,31.0,31.0,31.0,31.0,31.0,31.0,31.0,31.0,31.0,31.0,31.0,31.0,31.0,31.0,31.0,31.0,31.0,31.0,31.0,31.0,31.0,31.0,31.0,31.0,31.0,31.0,31.0,31.0,31.0,31.0,31.0,31.0,31.0,31.0,31.0,31.0,31.0,31.0,31.0,31.0,31.0,31.0,31.0,31.0,1.0,,,,,,,,,,,,,,,,,,,,,,,,,,,,,,,,education/2023/jun/17/missouri-student-loan-provider-confusion-supreme-court-debt-relief,article,education,Education,2023-06-17T14:25:36Z,Missouri student loan provider baffled by inclusion in supreme court debt relief challenge,https://www.theguardian.com/education/2023/jun/17/missouri-student-loan-provider-confusion-supreme-court-debt-relief,https://content.guardianapis.com/education/2023/jun/17/missouri-student-loan-provider-confusion-supreme-court-debt-relief,False,pillar/news,News
32,32,32,32.0,32.0,32.0,32.0,32.0,32.0,32.0,32.0,32.0,32.0,32.0,32.0,32.0,32.0,32.0,32.0,32.0,32.0,32.0,32.0,32.0,32.0,32.0,32.0,32.0,32.0,32.0,32.0,32.0,32.0,32.0,32.0,32.0,32.0,32.0,32.0,32.0,32.0,32.0,32.0,32.0,32.0,32.0,32.0,32.0,32.0,32.0,32.0,32.0,32.0,32.0,32.0,32.0,32.0,32.0,32.0,32.0,32.0,32.0,32.0,32.0,32.0,32.0,32.0,32.0,32.0,32.0,32.0,32.0,32.0,32.0,32.0,32.0,32.0,32.0,32.0,32.0,0.0,,,,,,,,,,,,,,,,,,,,,,,,,,,,,,,,,education/2023/jun/17/schools-across-england-face-unprecedented-struggle-to-hire-english-teachers-as-recruitment-crisis-grows,article,education,Education,2023-06-17T17:26:11Z,Schools across England face unprecedented struggle to hire English teachers as recruitment crisis grows,https://www.theguardian.com/education/2023/jun/17/schools-across-england-face-unprecedented-struggle-to-hire-english-teachers-as-recruitment-crisis-grows,https://content.guardianapis.com/education/2023/jun/17/schools-across-england-face-unprecedented-struggle-to-hire-english-teachers-as-recruitment-crisis-grows,False,pillar/news,News
33,33,33,33.0,33.0,33.0,33.0,33.0,33.0,33.0,33.0,33.0,33.0,33.0,33.0,33.0,33.0,33.0,33.0,33.0,33.0,33.0,33.0,33.0,33.0,33.0,33.0,33.0,33.0,33.0,33.0,33.0,33.0,33.0,33.0,33.0,33.0,33.0,33.0,33.0,33.0,33.0,33.0,33.0,33.0,33.0,33.0,33.0,33.0,33.0,33.0,33.0,33.0,33.0,33.0,33.0,33.0,33.0,33.0,33.0,33.0,33.0,33.0,33.0,33.0,33.0,33.0,33.0,33.0,33.0,33.0,33.0,33.0,33.0,33.0,33.0,33.0,33.0,33.0,0.0,,,,,,,,,,,,,,,,,,,,,,,,,,,,,,,,,,education/2023/jun/18/robert-gambles-obituary,article,education,Education,2023-06-18T16:31:44Z,Robert Gambles obituary,https://www.theguardian.com/education/2023/jun/18/robert-gambles-obituary,https://content.guardianapis.com/education/2023/jun/18/robert-gambles-obituary,False,pillar/news,News
34,34,34,34.0,34.0,34.0,34.0,34.0,34.0,34.0,34.0,34.0,34.0,34.0,34.0,34.0,34.0,34.0,34.0,34.0,34.0,34.0,34.0,34.0,34.0,34.0,34.0,34.0,34.0,34.0,34.0,34.0,34.0,34.0,34.0,34.0,34.0,34.0,34.0,34.0,34.0,34.0,34.0,34.0,34.0,34.0,34.0,34.0,34.0,34.0,34.0,34.0,34.0,34.0,34.0,34.0,34.0,34.0,34.0,34.0,34.0,34.0,34.0,34.0,34.0,34.0,34.0,34.0,34.0,34.0,34.0,34.0,34.0,34.0,34.0,34.0,34.0,34.0,0.0,,,,,,,,,,,,,,,,,,,,,,,,,,,,,,,,,,,education/2023/jun/19/labor-mp-calls-for-nuclear-reforms-to-stop-international-education-providers-teaching-poor-quality-courses,article,education,Education,2023-06-19T04:01:14Z,Labor MP calls for ‘nuclear’ reforms to stop international education providers teaching poor quality courses,https://www.theguardian.com/education/2023/jun/19/labor-mp-calls-for-nuclear-reforms-to-stop-international-education-providers-teaching-poor-quality-courses,https://content.guardianapis.com/education/2023/jun/19/labor-mp-calls-for-nuclear-reforms-to-stop-international-education-providers-teaching-poor-quality-courses,False,pillar/news,News
35,35,35,35.0,35.0,35.0,35.0,35.0,35.0,35.0,35.0,35.0,35.0,35.0,35.0,35.0,35.0,35.0,35.0,35.0,35.0,35.0,35.0,35.0,35.0,35.0,35.0,35.0,35.0,35.0,35.0,35.0,35.0,35.0,35.0,35.0,35.0,35.0,35.0,35.0,35.0,35.0,35.0,35.0,35.0,35.0,35.0,35.0,35.0,35.0,35.0,35.0,35.0,35.0,35.0,35.0,35.0,35.0,35.0,35.0,35.0,35.0,35.0,35.0,35.0,35.0,35.0,35.0,35.0,35.0,35.0,35.0,35.0,35.0,35.0,35.0,35.0,35.0,1.0,,,,,,,,,,,,,,,,,,,,,,,,,,,,,,,,,,,education/2023/jun/18/alun-thomas-obituary,article,education,Education,2023-06-18T16:57:07Z,Alun Thomas obituary,https://www.theguardian.com/education/2023/jun/18/alun-thomas-obituary,https://content.guardianapis.com/education/2023/jun/18/alun-thomas-obituary,False,pillar/news,News
36,36,36,36.0,36.0,36.0,36.0,36.0,36.0,36.0,36.0,36.0,36.0,36.0,36.0,36.0,36.0,36.0,36.0,36.0,36.0,36.0,36.0,36.0,36.0,36.0,36.0,36.0,36.0,36.0,36.0,36.0,36.0,36.0,36.0,36.0,36.0,36.0,36.0,36.0,36.0,36.0,36.0,36.0,36.0,36.0,36.0,36.0,36.0,36.0,36.0,36.0,36.0,36.0,36.0,36.0,36.0,36.0,36.0,36.0,36.0,36.0,36.0,36.0,36.0,36.0,36.0,36.0,36.0,36.0,36.0,36.0,36.0,36.0,36.0,36.0,36.0,0.0,,,,,,,,,,,,,,,,,,,,,,,,,,,,,,,,,,,,education/2023/jun/19/wellbeing-of-school-staff-is-as-vital-as-pupils-progress,article,education,Education,2023-06-19T15:28:57Z,Wellbeing of school staff is as vital as pupils’ progress | Letters,https://www.theguardian.com/education/2023/jun/19/wellbeing-of-school-staff-is-as-vital-as-pupils-progress,https://content.guardianapis.com/education/2023/jun/19/wellbeing-of-school-staff-is-as-vital-as-pupils-progress,False,pillar/news,News
37,37,37,37.0,37.0,37.0,37.0,37.0,37.0,37.0,37.0,37.0,37.0,37.0,37.0,37.0,37.0,37.0,37.0,37.0,37.0,37.0,37.0,37.0,37.0,37.0,37.0,37.0,37.0,37.0,37.0,37.0,37.0,37.0,37.0,37.0,37.0,37.0,37.0,37.0,37.0,37.0,37.0,37.0,37.0,37.0,37.0,37.0,37.0,37.0,37.0,37.0,37.0,37.0,37.0,37.0,37.0,37.0,37.0,37.0,37.0,37.0,37.0,37.0,37.0,37.0,37.0,37.0,37.0,37.0,37.0,37.0,37.0,37.0,37.0,37.0,37.0,1.0,,,,,,,,,,,,,,,,,,,,,,,,,,,,,,,,,,,,education/2023/jun/19/sue-bailey-obituary,article,education,Education,2023-06-19T09:56:28Z,Sue Bailey obituary,https://www.theguardian.com/education/2023/jun/19/sue-bailey-obituary,https://content.guardianapis.com/education/2023/jun/19/sue-bailey-obituary,False,pillar/news,News
38,38,38,38.0,38.0,38.0,38.0,38.0,38.0,38.0,38.0,38.0,38.0,38.0,38.0,38.0,38.0,38.0,38.0,38.0,38.0,38.0,38.0,38.0,38.0,38.0,38.0,38.0,38.0,38.0,38.0,38.0,38.0,38.0,38.0,38.0,38.0,38.0,38.0,38.0,38.0,38.0,38.0,38.0,38.0,38.0,38.0,38.0,38.0,38.0,38.0,38.0,38.0,38.0,38.0,38.0,38.0,38.0,38.0,38.0,38.0,38.0,38.0,38.0,38.0,38.0,38.0,38.0,38.0,38.0,38.0,38.0,38.0,38.0,38.0,0.0,,,,,,,,,,,,,,,,,,,,,,,,,,,,,,,,,,,,,,education/2023/jun/20/uk-graduates-have-you-been-affected-by-marking-boycotts,article,education,Education,2023-06-20T12:31:18Z,UK graduates: have you been affected by marking boycotts?,https://www.theguardian.com/education/2023/jun/20/uk-graduates-have-you-been-affected-by-marking-boycotts,https://content.guardianapis.com/education/2023/jun/20/uk-graduates-have-you-been-affected-by-marking-boycotts,False,pillar/news,News
39,39,39,39.0,39.0,39.0,39.0,39.0,39.0,39.0,39.0,39.0,39.0,39.0,39.0,39.0,39.0,39.0,39.0,39.0,39.0,39.0,39.0,39.0,39.0,39.0,39.0,39.0,39.0,39.0,39.0,39.0,39.0,39.0,39.0,39.0,39.0,39.0,39.0,39.0,39.0,39.0,39.0,39.0,39.0,39.0,39.0,39.0,39.0,39.0,39.0,39.0,39.0,39.0,39.0,39.0,39.0,39.0,39.0,39.0,39.0,39.0,39.0,39.0,39.0,39.0,39.0,39.0,39.0,39.0,39.0,39.0,39.0,39.0,0.0,,,,,,,,,,,,,,,,,,,,,,,,,,,,,,,,,,,,,,,education/2023/jun/21/england-pupils-special-needs-support-plan-local-authority-deficits,article,education,Education,2023-06-21T05:00:04Z,180 pupils a day in England given special needs support plan,https://www.theguardian.com/education/2023/jun/21/england-pupils-special-needs-support-plan-local-authority-deficits,https://content.guardianapis.com/education/2023/jun/21/england-pupils-special-needs-support-plan-local-authority-deficits,False,pillar/news,News
40,40,40,40.0,40.0,40.0,40.0,40.0,40.0,40.0,40.0,40.0,40.0,40.0,40.0,40.0,40.0,40.0,40.0,40.0,40.0,40.0,40.0,40.0,40.0,40.0,40.0,40.0,40.0,40.0,40.0,40.0,40.0,40.0,40.0,40.0,40.0,40.0,40.0,40.0,40.0,40.0,40.0,40.0,40.0,40.0,40.0,40.0,40.0,40.0,40.0,40.0,40.0,40.0,40.0,40.0,40.0,40.0,40.0,40.0,40.0,40.0,40.0,40.0,40.0,40.0,40.0,40.0,40.0,40.0,40.0,40.0,40.0,40.0,1.0,,,,,,,,,,,,,,,,,,,,,,,,,,,,,,,,,,,,,,,education/2023/jun/21/tutoring-not-a-long-term-plan-to-help-english-pupils-catch-up-say-teachers,article,education,Education,2023-06-20T23:01:46Z,"Tutoring not a long-term plan to help English pupils catch up, say teachers",https://www.theguardian.com/education/2023/jun/21/tutoring-not-a-long-term-plan-to-help-english-pupils-catch-up-say-teachers,https://content.guardianapis.com/education/2023/jun/21/tutoring-not-a-long-term-plan-to-help-english-pupils-catch-up-say-teachers,False,pillar/news,News
41,41,41,41.0,41.0,41.0,41.0,41.0,41.0,41.0,41.0,41.0,41.0,41.0,41.0,41.0,41.0,41.0,41.0,41.0,41.0,41.0,41.0,41.0,41.0,41.0,41.0,41.0,41.0,41.0,41.0,41.0,41.0,41.0,41.0,41.0,41.0,41.0,41.0,41.0,41.0,41.0,41.0,41.0,41.0,41.0,41.0,41.0,41.0,41.0,41.0,41.0,41.0,41.0,41.0,41.0,41.0,41.0,41.0,41.0,41.0,41.0,41.0,41.0,41.0,41.0,41.0,41.0,41.0,41.0,41.0,41.0,41.0,0.0,,,,,,,,,,,,,,,,,,,,,,,,,,,,,,,,,,,,,,,,education/2023/jun/21/teachers-in-england-have-you-left-or-considered-leaving-the-profession,article,education,Education,2023-06-21T10:33:41Z,"Teachers in England: have you left, or considered leaving the profession?",https://www.theguardian.com/education/2023/jun/21/teachers-in-england-have-you-left-or-considered-leaving-the-profession,https://content.guardianapis.com/education/2023/jun/21/teachers-in-england-have-you-left-or-considered-leaving-the-profession,False,pillar/news,News
42,42,42,42.0,42.0,42.0,42.0,42.0,42.0,42.0,42.0,42.0,42.0,42.0,42.0,42.0,42.0,42.0,42.0,42.0,42.0,42.0,42.0,42.0,42.0,42.0,42.0,42.0,42.0,42.0,42.0,42.0,42.0,42.0,42.0,42.0,42.0,42.0,42.0,42.0,42.0,42.0,42.0,42.0,42.0,42.0,42.0,42.0,42.0,42.0,42.0,42.0,42.0,42.0,42.0,42.0,42.0,42.0,42.0,42.0,42.0,42.0,42.0,42.0,42.0,42.0,42.0,42.0,42.0,42.0,42.0,42.0,0.0,,,,,,,,,,,,,,,,,,,,,,,,,,,,,,,,,,,,,,,,,education/2023/jun/22/cost-of-living-crisis-forcing-students-to-take-on-more-hours-of-paid-work,article,education,Education,2023-06-21T23:01:53Z,Cost of living crisis forcing students to take on more hours of paid work,https://www.theguardian.com/education/2023/jun/22/cost-of-living-crisis-forcing-students-to-take-on-more-hours-of-paid-work,https://content.guardianapis.com/education/2023/jun/22/cost-of-living-crisis-forcing-students-to-take-on-more-hours-of-paid-work,False,pillar/news,News
43,43,43,43.0,43.0,43.0,43.0,43.0,43.0,43.0,43.0,43.0,43.0,43.0,43.0,43.0,43.0,43.0,43.0,43.0,43.0,43.0,43.0,43.0,43.0,43.0,43.0,43.0,43.0,43.0,43.0,43.0,43.0,43.0,43.0,43.0,43.0,43.0,43.0,43.0,43.0,43.0,43.0,43.0,43.0,43.0,43.0,43.0,43.0,43.0,43.0,43.0,43.0,43.0,43.0,43.0,43.0,43.0,43.0,43.0,43.0,43.0,43.0,43.0,43.0,43.0,43.0,43.0,43.0,0.0,,,,,,,,,,,,,,,,,,,,,,,,,,,,,,,,,,,,,,,,,,,,education/2023/jun/23/university-marking-boycott-will-affect-students-mental-health,article,education,Education,2023-06-23T16:07:19Z,University marking boycott will affect students’ mental health | Letter,https://www.theguardian.com/education/2023/jun/23/university-marking-boycott-will-affect-students-mental-health,https://content.guardianapis.com/education/2023/jun/23/university-marking-boycott-will-affect-students-mental-health,False,pillar/news,News
44,44,44,44.0,44.0,44.0,44.0,44.0,44.0,44.0,44.0,44.0,44.0,44.0,44.0,44.0,44.0,44.0,44.0,44.0,44.0,44.0,44.0,44.0,44.0,44.0,44.0,44.0,44.0,44.0,44.0,44.0,44.0,44.0,44.0,44.0,44.0,44.0,44.0,44.0,44.0,44.0,44.0,44.0,44.0,44.0,44.0,44.0,44.0,44.0,44.0,44.0,44.0,44.0,44.0,44.0,44.0,44.0,44.0,44.0,44.0,44.0,44.0,44.0,44.0,44.0,44.0,44.0,44.0,1.0,,,,,,,,,,,,,,,,,,,,,,,,,,,,,,,,,,,,,,,,,,,,education/2023/jun/23/child-identifying-as-cat-controversy-from-a-tiktok-video-to-media-frenzy,article,education,Education,2023-06-23T15:44:45Z,‘Child identifying as cat’ controversy: from TikTok video to media frenzy,https://www.theguardian.com/education/2023/jun/23/child-identifying-as-cat-controversy-from-a-tiktok-video-to-media-frenzy,https://content.guardianapis.com/education/2023/jun/23/child-identifying-as-cat-controversy-from-a-tiktok-video-to-media-frenzy,False,pillar/news,News
45,45,45,45.0,45.0,45.0,45.0,45.0,45.0,45.0,45.0,45.0,45.0,45.0,45.0,45.0,45.0,45.0,45.0,45.0,45.0,45.0,45.0,45.0,45.0,45.0,45.0,45.0,45.0,45.0,45.0,45.0,45.0,45.0,45.0,45.0,45.0,45.0,45.0,45.0,45.0,45.0,45.0,45.0,45.0,45.0,45.0,45.0,45.0,45.0,45.0,45.0,45.0,45.0,45.0,45.0,45.0,45.0,45.0,45.0,45.0,45.0,45.0,45.0,45.0,45.0,45.0,45.0,45.0,2.0,,,,,,,,,,,,,,,,,,,,,,,,,,,,,,,,,,,,,,,,,,,,education/2023/jun/23/uk-parents-is-your-child-being-affected-by-teachers-leaving-the-profession,article,education,Education,2023-06-23T15:00:30Z,UK parents: is your child being affected by teachers leaving the profession?,https://www.theguardian.com/education/2023/jun/23/uk-parents-is-your-child-being-affected-by-teachers-leaving-the-profession,https://content.guardianapis.com/education/2023/jun/23/uk-parents-is-your-child-being-affected-by-teachers-leaving-the-profession,False,pillar/news,News
46,46,46,46.0,46.0,46.0,46.0,46.0,46.0,46.0,46.0,46.0,46.0,46.0,46.0,46.0,46.0,46.0,46.0,46.0,46.0,46.0,46.0,46.0,46.0,46.0,46.0,46.0,46.0,46.0,46.0,46.0,46.0,46.0,46.0,46.0,46.0,46.0,46.0,46.0,46.0,46.0,46.0,46.0,46.0,46.0,46.0,46.0,46.0,46.0,46.0,46.0,46.0,46.0,46.0,46.0,46.0,46.0,46.0,46.0,46.0,46.0,46.0,46.0,46.0,46.0,46.0,0.0,,,,,,,,,,,,,,,,,,,,,,,,,,,,,,,,,,,,,,,,,,,,,,education/2023/jun/24/uk-students-without-graded-degree-graduating-covid-strikes-boycott,article,education,Education,2023-06-24T15:00:11Z,‘I haven’t had a single normal year at university’: the UK students graduating without a graded degree,https://www.theguardian.com/education/2023/jun/24/uk-students-without-graded-degree-graduating-covid-strikes-boycott,https://content.guardianapis.com/education/2023/jun/24/uk-students-without-graded-degree-graduating-covid-strikes-boycott,False,pillar/news,News
47,47,47,47.0,47.0,47.0,47.0,47.0,47.0,47.0,47.0,47.0,47.0,47.0,47.0,47.0,47.0,47.0,47.0,47.0,47.0,47.0,47.0,47.0,47.0,47.0,47.0,47.0,47.0,47.0,47.0,47.0,47.0,47.0,47.0,47.0,47.0,47.0,47.0,47.0,47.0,47.0,47.0,47.0,47.0,47.0,47.0,47.0,47.0,47.0,47.0,47.0,47.0,47.0,47.0,47.0,47.0,47.0,47.0,47.0,47.0,47.0,47.0,47.0,47.0,47.0,47.0,1.0,,,,,,,,,,,,,,,,,,,,,,,,,,,,,,,,,,,,,,,,,,,,,,education/2023/jun/24/disruptive-behaviour-leaves-excluded-pupils-units-in-england-full-to-bursting,article,education,Education,2023-06-24T13:16:53Z,Disruptive behaviour leaves excluded pupils’ units in England ‘full to bursting’ ,https://www.theguardian.com/education/2023/jun/24/disruptive-behaviour-leaves-excluded-pupils-units-in-england-full-to-bursting,https://content.guardianapis.com/education/2023/jun/24/disruptive-behaviour-leaves-excluded-pupils-units-in-england-full-to-bursting,False,pillar/news,News
48,48,48,48.0,48.0,48.0,48.0,48.0,48.0,48.0,48.0,48.0,48.0,48.0,48.0,48.0,48.0,48.0,48.0,48.0,48.0,48.0,48.0,48.0,48.0,48.0,48.0,48.0,48.0,48.0,48.0,48.0,48.0,48.0,48.0,48.0,48.0,48.0,48.0,48.0,48.0,48.0,48.0,48.0,48.0,48.0,48.0,48.0,48.0,48.0,48.0,48.0,48.0,48.0,48.0,48.0,48.0,48.0,48.0,48.0,48.0,48.0,48.0,48.0,48.0,48.0,48.0,2.0,,,,,,,,,,,,,,,,,,,,,,,,,,,,,,,,,,,,,,,,,,,,,,education/2023/jun/24/uk-final-year-students-university-undergraduates-results-grades-delay,article,education,Education,2023-06-24T06:00:04Z,Third of UK final-year students face grades delay due to marking boycott,https://www.theguardian.com/education/2023/jun/24/uk-final-year-students-university-undergraduates-results-grades-delay,https://content.guardianapis.com/education/2023/jun/24/uk-final-year-students-university-undergraduates-results-grades-delay,False,pillar/news,News
49,49,49,49.0,49.0,49.0,49.0,49.0,49.0,49.0,49.0,49.0,49.0,49.0,49.0,49.0,49.0,49.0,49.0,49.0,49.0,49.0,49.0,49.0,49.0,49.0,49.0,49.0,49.0,49.0,49.0,49.0,49.0,49.0,49.0,49.0,49.0,49.0,49.0,49.0,49.0,49.0,49.0,49.0,49.0,49.0,49.0,49.0,49.0,49.0,49.0,49.0,49.0,49.0,49.0,49.0,49.0,49.0,49.0,49.0,49.0,49.0,49.0,49.0,49.0,49.0,49.0,3.0,,,,,,,,,,,,,,,,,,,,,,,,,,,,,,,,,,,,,,,,,,,,,,education/2023/jun/24/were-collateral-damage-marking-strikes-hit-students-graduate-careers,article,education,Education,2023-06-24T06:00:03Z,‘We’re collateral damage’: marking strikes hit students’ graduate careers,https://www.theguardian.com/education/2023/jun/24/were-collateral-damage-marking-strikes-hit-students-graduate-careers,https://content.guardianapis.com/education/2023/jun/24/were-collateral-damage-marking-strikes-hit-students-graduate-careers,False,pillar/news,News
50,50,50,50.0,50.0,50.0,50.0,50.0,50.0,50.0,50.0,50.0,50.0,50.0,50.0,50.0,50.0,50.0,50.0,50.0,50.0,50.0,50.0,50.0,50.0,50.0,50.0,50.0,50.0,50.0,50.0,50.0,50.0,50.0,50.0,50.0,50.0,50.0,50.0,50.0,50.0,50.0,50.0,50.0,50.0,50.0,50.0,50.0,50.0,50.0,50.0,50.0,50.0,50.0,50.0,50.0,50.0,50.0,50.0,50.0,50.0,50.0,50.0,50.0,0.0,,,,,,,,,,,,,,,,,,,,,,,,,,,,,,,,,,,,,,,,,,,,,,,,,education/2023/jun/25/labour-accuse-uk-government-of-stifling-children-creativity-arts-gcse,article,education,Education,2023-06-25T21:30:47Z,Labour accuses UK government of ‘stifling children’s creativity’,https://www.theguardian.com/education/2023/jun/25/labour-accuse-uk-government-of-stifling-children-creativity-arts-gcse,https://content.guardianapis.com/education/2023/jun/25/labour-accuse-uk-government-of-stifling-children-creativity-arts-gcse,False,pillar/news,News
51,51,51,51.0,51.0,51.0,51.0,51.0,51.0,51.0,51.0,51.0,51.0,51.0,51.0,51.0,51.0,51.0,51.0,51.0,51.0,51.0,51.0,51.0,51.0,51.0,51.0,51.0,51.0,51.0,51.0,51.0,51.0,51.0,51.0,51.0,51.0,51.0,51.0,51.0,51.0,51.0,51.0,51.0,51.0,51.0,51.0,51.0,51.0,51.0,51.0,51.0,51.0,51.0,51.0,51.0,51.0,51.0,51.0,51.0,51.0,51.0,51.0,51.0,1.0,,,,,,,,,,,,,,,,,,,,,,,,,,,,,,,,,,,,,,,,,,,,,,,,,education/2023/jun/25/harvard-professor-data-fraud,article,education,Education,2023-06-25T17:31:16Z,Harvard professor who studies honesty accused of falsifying data in studies,https://www.theguardian.com/education/2023/jun/25/harvard-professor-data-fraud,https://content.guardianapis.com/education/2023/jun/25/harvard-professor-data-fraud,False,pillar/news,News
52,52,52,52.0,52.0,52.0,52.0,52.0,52.0,52.0,52.0,52.0,52.0,52.0,52.0,52.0,52.0,52.0,52.0,52.0,52.0,52.0,52.0,52.0,52.0,52.0,52.0,52.0,52.0,52.0,52.0,52.0,52.0,52.0,52.0,52.0,52.0,52.0,52.0,52.0,52.0,52.0,52.0,52.0,52.0,52.0,52.0,52.0,52.0,52.0,52.0,52.0,52.0,52.0,52.0,52.0,52.0,52.0,52.0,52.0,52.0,52.0,52.0,0.0,,,,,,,,,,,,,,,,,,,,,,,,,,,,,,,,,,,,,,,,,,,,,,,,,,education/2023/jun/26/maureen-hattey-obituary,article,education,Education,2023-06-26T16:23:44Z,Maureen Hattey obituary,https://www.theguardian.com/education/2023/jun/26/maureen-hattey-obituary,https://content.guardianapis.com/education/2023/jun/26/maureen-hattey-obituary,False,pillar/news,News
53,53,53,53.0,53.0,53.0,53.0,53.0,53.0,53.0,53.0,53.0,53.0,53.0,53.0,53.0,53.0,53.0,53.0,53.0,53.0,53.0,53.0,53.0,53.0,53.0,53.0,53.0,53.0,53.0,53.0,53.0,53.0,53.0,53.0,53.0,53.0,53.0,53.0,53.0,53.0,53.0,53.0,53.0,53.0,53.0,53.0,53.0,53.0,53.0,53.0,53.0,53.0,53.0,53.0,53.0,53.0,53.0,53.0,53.0,53.0,53.0,53.0,1.0,,,,,,,,,,,,,,,,,,,,,,,,,,,,,,,,,,,,,,,,,,,,,,,,,,education/2023/jun/26/paying-a-heavy-price-for-grammar-school,article,education,Education,2023-06-26T15:37:21Z,Paying a heavy price for grammar school | Brief letters,https://www.theguardian.com/education/2023/jun/26/paying-a-heavy-price-for-grammar-school,https://content.guardianapis.com/education/2023/jun/26/paying-a-heavy-price-for-grammar-school,False,pillar/news,News
54,54,54,54.0,54.0,54.0,54.0,54.0,54.0,54.0,54.0,54.0,54.0,54.0,54.0,54.0,54.0,54.0,54.0,54.0,54.0,54.0,54.0,54.0,54.0,54.0,54.0,54.0,54.0,54.0,54.0,54.0,54.0,54.0,54.0,54.0,54.0,54.0,54.0,54.0,54.0,54.0,54.0,54.0,54.0,54.0,54.0,54.0,54.0,54.0,54.0,54.0,54.0,54.0,54.0,54.0,54.0,54.0,54.0,54.0,54.0,54.0,54.0,2.0,,,,,,,,,,,,,,,,,,,,,,,,,,,,,,,,,,,,,,,,,,,,,,,,,,education/2023/jun/26/cultural-education-disparity-schools-v-and-a-tristram-hunt,article,education,Education,2023-06-26T13:26:43Z,"‘Horrible’ disparity emerging in cultural education in schools, says V&A head",https://www.theguardian.com/education/2023/jun/26/cultural-education-disparity-schools-v-and-a-tristram-hunt,https://content.guardianapis.com/education/2023/jun/26/cultural-education-disparity-schools-v-and-a-tristram-hunt,False,pillar/news,News
55,55,55,55.0,55.0,55.0,55.0,55.0,55.0,55.0,55.0,55.0,55.0,55.0,55.0,55.0,55.0,55.0,55.0,55.0,55.0,55.0,55.0,55.0,55.0,55.0,55.0,55.0,55.0,55.0,55.0,55.0,55.0,55.0,55.0,55.0,55.0,55.0,55.0,55.0,55.0,55.0,55.0,55.0,55.0,55.0,55.0,55.0,55.0,55.0,55.0,55.0,55.0,55.0,55.0,55.0,55.0,55.0,55.0,55.0,55.0,55.0,0.0,,,,,,,,,,,,,,,,,,,,,,,,,,,,,,,,,,,,,,,,,,,,,,,,,,,education/2023/jun/26/osman-durrani-obituary,article,education,Education,2023-06-26T17:21:23Z,Osman Durrani obituary,https://www.theguardian.com/education/2023/jun/26/osman-durrani-obituary,https://content.guardianapis.com/education/2023/jun/26/osman-durrani-obituary,False,pillar/news,News
56,56,56,56.0,56.0,56.0,56.0,56.0,56.0,56.0,56.0,56.0,56.0,56.0,56.0,56.0,56.0,56.0,56.0,56.0,56.0,56.0,56.0,56.0,56.0,56.0,56.0,56.0,56.0,56.0,56.0,56.0,56.0,56.0,56.0,56.0,56.0,56.0,56.0,56.0,56.0,56.0,56.0,56.0,56.0,56.0,56.0,56.0,56.0,56.0,56.0,56.0,56.0,56.0,56.0,56.0,56.0,56.0,56.0,56.0,56.0,0.0,,,,,,,,,,,,,,,,,,,,,,,,,,,,,,,,,,,,,,,,,,,,,,,,,,,,education/2023/jun/27/childrens-special-educational-needs-are-not-being-met,article,education,Education,2023-06-27T15:38:49Z,Children’s special educational needs are not being met | Letter,https://www.theguardian.com/education/2023/jun/27/childrens-special-educational-needs-are-not-being-met,https://content.guardianapis.com/education/2023/jun/27/childrens-special-educational-needs-are-not-being-met,False,pillar/news,News
57,57,57,57.0,57.0,57.0,57.0,57.0,57.0,57.0,57.0,57.0,57.0,57.0,57.0,57.0,57.0,57.0,57.0,57.0,57.0,57.0,57.0,57.0,57.0,57.0,57.0,57.0,57.0,57.0,57.0,57.0,57.0,57.0,57.0,57.0,57.0,57.0,57.0,57.0,57.0,57.0,57.0,57.0,57.0,57.0,57.0,57.0,57.0,57.0,57.0,57.0,57.0,57.0,57.0,57.0,57.0,57.0,57.0,57.0,0.0,,,,,,,,,,,,,,,,,,,,,,,,,,,,,,,,,,,,,,,,,,,,,,,,,,,,,education/2023/jun/28/almost-600-schools-in-england-undergoing-urgent-structural-checks,article,education,Education,2023-06-28T04:00:54Z,Almost 600 schools in England undergoing urgent structural checks,https://www.theguardian.com/education/2023/jun/28/almost-600-schools-in-england-undergoing-urgent-structural-checks,https://content.guardianapis.com/education/2023/jun/28/almost-600-schools-in-england-undergoing-urgent-structural-checks,False,pillar/news,News
58,58,58,58.0,58.0,58.0,58.0,58.0,58.0,58.0,58.0,58.0,58.0,58.0,58.0,58.0,58.0,58.0,58.0,58.0,58.0,58.0,58.0,58.0,58.0,58.0,58.0,58.0,58.0,58.0,58.0,58.0,58.0,58.0,58.0,58.0,58.0,58.0,58.0,58.0,58.0,58.0,58.0,58.0,58.0,58.0,58.0,58.0,58.0,58.0,58.0,58.0,58.0,58.0,58.0,58.0,58.0,58.0,58.0,58.0,1.0,,,,,,,,,,,,,,,,,,,,,,,,,,,,,,,,,,,,,,,,,,,,,,,,,,,,,education/2023/jun/27/marking-boycott-may-delay-degrees-of-more-than-1000-durham-students,article,education,Education,2023-06-27T17:40:58Z,"Marking boycott may delay degrees of more than 1,000 Durham students",https://www.theguardian.com/education/2023/jun/27/marking-boycott-may-delay-degrees-of-more-than-1000-durham-students,https://content.guardianapis.com/education/2023/jun/27/marking-boycott-may-delay-degrees-of-more-than-1000-durham-students,False,pillar/news,News
59,59,59,59.0,59.0,59.0,59.0,59.0,59.0,59.0,59.0,59.0,59.0,59.0,59.0,59.0,59.0,59.0,59.0,59.0,59.0,59.0,59.0,59.0,59.0,59.0,59.0,59.0,59.0,59.0,59.0,59.0,59.0,59.0,59.0,59.0,59.0,59.0,59.0,59.0,59.0,59.0,59.0,59.0,59.0,59.0,59.0,59.0,59.0,59.0,59.0,59.0,59.0,59.0,59.0,59.0,59.0,59.0,59.0,0.0,,,,,,,,,,,,,,,,,,,,,,,,,,,,,,,,,,,,,,,,,,,,,,,,,,,,,,education/2023/jun/28/my-school-is-getting-creative-with-a-private-partnership-for-its-arts-provision,article,education,Education,2023-06-28T16:44:41Z,My school is getting creative with a private partnership for its arts provision | Letter,https://www.theguardian.com/education/2023/jun/28/my-school-is-getting-creative-with-a-private-partnership-for-its-arts-provision,https://content.guardianapis.com/education/2023/jun/28/my-school-is-getting-creative-with-a-private-partnership-for-its-arts-provision,False,pillar/news,News
60,60,60,60.0,60.0,60.0,60.0,60.0,60.0,60.0,60.0,60.0,60.0,60.0,60.0,60.0,60.0,60.0,60.0,60.0,60.0,60.0,60.0,60.0,60.0,60.0,60.0,60.0,60.0,60.0,60.0,60.0,60.0,60.0,60.0,60.0,60.0,60.0,60.0,60.0,60.0,60.0,60.0,60.0,60.0,60.0,60.0,60.0,60.0,60.0,60.0,60.0,60.0,60.0,60.0,60.0,60.0,60.0,60.0,1.0,,,,,,,,,,,,,,,,,,,,,,,,,,,,,,,,,,,,,,,,,,,,,,,,,,,,,,education/2023/jun/28/his-safe-space-is-at-home-parents-on-why-their-children-are-absent-from-school,article,education,Education,2023-06-28T15:00:31Z,‘His safe space is at home’: parents on why their children are absent from school,https://www.theguardian.com/education/2023/jun/28/his-safe-space-is-at-home-parents-on-why-their-children-are-absent-from-school,https://content.guardianapis.com/education/2023/jun/28/his-safe-space-is-at-home-parents-on-why-their-children-are-absent-from-school,False,pillar/news,News
61,61,61,61.0,61.0,61.0,61.0,61.0,61.0,61.0,61.0,61.0,61.0,61.0,61.0,61.0,61.0,61.0,61.0,61.0,61.0,61.0,61.0,61.0,61.0,61.0,61.0,61.0,61.0,61.0,61.0,61.0,61.0,61.0,61.0,61.0,61.0,61.0,61.0,61.0,61.0,61.0,61.0,61.0,61.0,61.0,61.0,61.0,61.0,61.0,61.0,61.0,61.0,61.0,61.0,61.0,61.0,61.0,61.0,2.0,,,,,,,,,,,,,,,,,,,,,,,,,,,,,,,,,,,,,,,,,,,,,,,,,,,,,,education/2023/jun/28/we-need-to-know-child-is-safe-why-schools-hiring-officers-crack-uk-truancy,article,education,Education,2023-06-28T15:00:31Z,‘We need to know the child is safe’: why UK schools are hiring truancy officers,https://www.theguardian.com/education/2023/jun/28/we-need-to-know-child-is-safe-why-schools-hiring-officers-crack-uk-truancy,https://content.guardianapis.com/education/2023/jun/28/we-need-to-know-child-is-safe-why-schools-hiring-officers-crack-uk-truancy,False,pillar/news,News
62,62,62,62.0,62.0,62.0,62.0,62.0,62.0,62.0,62.0,62.0,62.0,62.0,62.0,62.0,62.0,62.0,62.0,62.0,62.0,62.0,62.0,62.0,62.0,62.0,62.0,62.0,62.0,62.0,62.0,62.0,62.0,62.0,62.0,62.0,62.0,62.0,62.0,62.0,62.0,62.0,62.0,62.0,62.0,62.0,62.0,62.0,62.0,62.0,62.0,62.0,62.0,62.0,62.0,62.0,62.0,62.0,62.0,3.0,,,,,,,,,,,,,,,,,,,,,,,,,,,,,,,,,,,,,,,,,,,,,,,,,,,,,,education/2023/jun/28/covid-poverty-pupil-absence-england-schools-social-economic-pandemic-families,article,education,Education,2023-06-28T15:00:29Z,From Covid to poverty: why pupil absence in England is rising,https://www.theguardian.com/education/2023/jun/28/covid-poverty-pupil-absence-england-schools-social-economic-pandemic-families,https://content.guardianapis.com/education/2023/jun/28/covid-poverty-pupil-absence-england-schools-social-economic-pandemic-families,False,pillar/news,News
63,63,63,63.0,63.0,63.0,63.0,63.0,63.0,63.0,63.0,63.0,63.0,63.0,63.0,63.0,63.0,63.0,63.0,63.0,63.0,63.0,63.0,63.0,63.0,63.0,63.0,63.0,63.0,63.0,63.0,63.0,63.0,63.0,63.0,63.0,63.0,63.0,63.0,63.0,63.0,63.0,63.0,63.0,63.0,63.0,63.0,63.0,63.0,63.0,63.0,63.0,63.0,63.0,63.0,63.0,63.0,63.0,63.0,4.0,,,,,,,,,,,,,,,,,,,,,,,,,,,,,,,,,,,,,,,,,,,,,,,,,,,,,,education/2023/jun/28/one-in-10-gcse-year-pupils-absent-from-english-schools-each-day,article,education,Education,2023-06-28T15:00:28Z,One in 10 GCSE-year pupils absent from English schools each day,https://www.theguardian.com/education/2023/jun/28/one-in-10-gcse-year-pupils-absent-from-english-schools-each-day,https://content.guardianapis.com/education/2023/jun/28/one-in-10-gcse-year-pupils-absent-from-english-schools-each-day,False,pillar/news,News
64,64,64,64.0,64.0,64.0,64.0,64.0,64.0,64.0,64.0,64.0,64.0,64.0,64.0,64.0,64.0,64.0,64.0,64.0,64.0,64.0,64.0,64.0,64.0,64.0,64.0,64.0,64.0,64.0,64.0,64.0,64.0,64.0,64.0,64.0,64.0,64.0,64.0,64.0,64.0,64.0,64.0,64.0,64.0,64.0,64.0,64.0,64.0,64.0,64.0,64.0,64.0,64.0,64.0,64.0,64.0,64.0,0.0,,,,,,,,,,,,,,,,,,,,,,,,,,,,,,,,,,,,,,,,,,,,,,,,,,,,,,,education/2023/jun/29/two-in-three-state-secondary-schools-in-england-teach-just-one-foreign-language,article,education,Education,2023-06-29T04:00:44Z,Two in three state secondary schools in England teach just one foreign language,https://www.theguardian.com/education/2023/jun/29/two-in-three-state-secondary-schools-in-england-teach-just-one-foreign-language,https://content.guardianapis.com/education/2023/jun/29/two-in-three-state-secondary-schools-in-england-teach-just-one-foreign-language,False,pillar/news,News
65,65,65,65.0,65.0,65.0,65.0,65.0,65.0,65.0,65.0,65.0,65.0,65.0,65.0,65.0,65.0,65.0,65.0,65.0,65.0,65.0,65.0,65.0,65.0,65.0,65.0,65.0,65.0,65.0,65.0,65.0,65.0,65.0,65.0,65.0,65.0,65.0,65.0,65.0,65.0,65.0,65.0,65.0,65.0,65.0,65.0,65.0,65.0,65.0,65.0,65.0,65.0,65.0,65.0,65.0,65.0,0.0,,,,,,,,,,,,,,,,,,,,,,,,,,,,,,,,,,,,,,,,,,,,,,,,,,,,,,,,education/2023/jun/29/an-educated-society-brings-benefits-to-all,article,education,Education,2023-06-29T17:15:33Z,An educated society brings benefits to all | Letter,https://www.theguardian.com/education/2023/jun/29/an-educated-society-brings-benefits-to-all,https://content.guardianapis.com/education/2023/jun/29/an-educated-society-brings-benefits-to-all,False,pillar/news,News
66,66,66,66.0,66.0,66.0,66.0,66.0,66.0,66.0,66.0,66.0,66.0,66.0,66.0,66.0,66.0,66.0,66.0,66.0,66.0,66.0,66.0,66.0,66.0,66.0,66.0,66.0,66.0,66.0,66.0,66.0,66.0,66.0,66.0,66.0,66.0,66.0,66.0,66.0,66.0,66.0,66.0,66.0,66.0,66.0,66.0,66.0,66.0,66.0,66.0,66.0,66.0,66.0,66.0,66.0,66.0,1.0,,,,,,,,,,,,,,,,,,,,,,,,,,,,,,,,,,,,,,,,,,,,,,,,,,,,,,,,education/2023/jun/29/pupils-in-england-sent-to-churches-and-village-halls-as-crumbling-schools-close,article,education,Education,2023-06-29T17:00:19Z,Pupils in England sent to churches and village halls as crumbling schools close,https://www.theguardian.com/education/2023/jun/29/pupils-in-england-sent-to-churches-and-village-halls-as-crumbling-schools-close,https://content.guardianapis.com/education/2023/jun/29/pupils-in-england-sent-to-churches-and-village-halls-as-crumbling-schools-close,False,pillar/news,News
67,67,67,67.0,67.0,67.0,67.0,67.0,67.0,67.0,67.0,67.0,67.0,67.0,67.0,67.0,67.0,67.0,67.0,67.0,67.0,67.0,67.0,67.0,67.0,67.0,67.0,67.0,67.0,67.0,67.0,67.0,67.0,67.0,67.0,67.0,67.0,67.0,67.0,67.0,67.0,67.0,67.0,67.0,67.0,67.0,67.0,67.0,67.0,67.0,67.0,67.0,67.0,67.0,67.0,67.0,67.0,2.0,,,,,,,,,,,,,,,,,,,,,,,,,,,,,,,,,,,,,,,,,,,,,,,,,,,,,,,,education/2023/jun/29/bus-fare-or-food-the-support-workers-trying-to-fix-englands-school-absence-crisis,article,education,Education,2023-06-29T10:49:58Z,Bus fare or food? The support workers trying to fix England’s school absence crisis,https://www.theguardian.com/education/2023/jun/29/bus-fare-or-food-the-support-workers-trying-to-fix-englands-school-absence-crisis,https://content.guardianapis.com/education/2023/jun/29/bus-fare-or-food-the-support-workers-trying-to-fix-englands-school-absence-crisis,False,pillar/news,News
68,68,68,68.0,68.0,68.0,68.0,68.0,68.0,68.0,68.0,68.0,68.0,68.0,68.0,68.0,68.0,68.0,68.0,68.0,68.0,68.0,68.0,68.0,68.0,68.0,68.0,68.0,68.0,68.0,68.0,68.0,68.0,68.0,68.0,68.0,68.0,68.0,68.0,68.0,68.0,68.0,68.0,68.0,68.0,68.0,68.0,68.0,68.0,68.0,68.0,68.0,68.0,68.0,68.0,68.0,68.0,3.0,,,,,,,,,,,,,,,,,,,,,,,,,,,,,,,,,,,,,,,,,,,,,,,,,,,,,,,,education/2023/jun/29/claire-widgery-obituary,article,education,Education,2023-06-29T09:48:29Z,Claire Widgery obituary,https://www.theguardian.com/education/2023/jun/29/claire-widgery-obituary,https://content.guardianapis.com/education/2023/jun/29/claire-widgery-obituary,False,pillar/news,News
69,69,69,69.0,69.0,69.0,69.0,69.0,69.0,69.0,69.0,69.0,69.0,69.0,69.0,69.0,69.0,69.0,69.0,69.0,69.0,69.0,69.0,69.0,69.0,69.0,69.0,69.0,69.0,69.0,69.0,69.0,69.0,69.0,69.0,69.0,69.0,69.0,69.0,69.0,69.0,69.0,69.0,69.0,69.0,69.0,69.0,69.0,69.0,69.0,69.0,0.0,,,,,,,,,,,,,,,,,,,,,,,,,,,,,,,,,,,,,,,,,,,,,,,,,,,,,,,,,,,,,,education/2023/jul/02/making-sense-of-the-decline-in-school-attendance,article,education,Education,2023-07-02T17:01:19Z,Making sense of the decline in school attendance | Letters ,https://www.theguardian.com/education/2023/jul/02/making-sense-of-the-decline-in-school-attendance,https://content.guardianapis.com/education/2023/jul/02/making-sense-of-the-decline-in-school-attendance,False,pillar/news,News
70,70,70,70.0,70.0,70.0,70.0,70.0,70.0,70.0,70.0,70.0,70.0,70.0,70.0,70.0,70.0,70.0,70.0,70.0,70.0,70.0,70.0,70.0,70.0,70.0,70.0,70.0,70.0,70.0,70.0,70.0,70.0,70.0,70.0,70.0,70.0,70.0,70.0,70.0,70.0,70.0,70.0,70.0,70.0,70.0,70.0,70.0,70.0,70.0,70.0,1.0,,,,,,,,,,,,,,,,,,,,,,,,,,,,,,,,,,,,,,,,,,,,,,,,,,,,,,,,,,,,,,education/2023/jul/02/where-blame-lies-for-englands-crumbling-school-buildings,article,education,Education,2023-07-02T17:00:59Z,Where blame lies for England’s crumbling school buildings | Letter,https://www.theguardian.com/education/2023/jul/02/where-blame-lies-for-englands-crumbling-school-buildings,https://content.guardianapis.com/education/2023/jul/02/where-blame-lies-for-englands-crumbling-school-buildings,False,pillar/news,News
71,71,71,71.0,71.0,71.0,71.0,71.0,71.0,71.0,71.0,71.0,71.0,71.0,71.0,71.0,71.0,71.0,71.0,71.0,71.0,71.0,71.0,71.0,71.0,71.0,71.0,71.0,71.0,71.0,71.0,71.0,71.0,71.0,71.0,71.0,71.0,71.0,71.0,71.0,71.0,71.0,71.0,71.0,71.0,71.0,71.0,71.0,71.0,71.0,71.0,2.0,,,,,,,,,,,,,,,,,,,,,,,,,,,,,,,,,,,,,,,,,,,,,,,,,,,,,,,,,,,,,,education/2023/jul/02/desperate-and-angry-uk-headteachers-ready-to-join-strikes-in-autumn,article,education,Education,2023-07-02T06:00:35Z,‘Desperate and angry’ headteachers in England ready to join strikes in autumn,https://www.theguardian.com/education/2023/jul/02/desperate-and-angry-uk-headteachers-ready-to-join-strikes-in-autumn,https://content.guardianapis.com/education/2023/jul/02/desperate-and-angry-uk-headteachers-ready-to-join-strikes-in-autumn,False,pillar/news,News
72,72,72,72.0,72.0,72.0,72.0,72.0,72.0,72.0,72.0,72.0,72.0,72.0,72.0,72.0,72.0,72.0,72.0,72.0,72.0,72.0,72.0,72.0,72.0,72.0,72.0,72.0,72.0,72.0,72.0,72.0,72.0,72.0,72.0,72.0,72.0,72.0,72.0,72.0,72.0,72.0,72.0,72.0,72.0,72.0,72.0,72.0,72.0,0.0,,,,,,,,,,,,,,,,,,,,,,,,,,,,,,,,,,,,,,,,,,,,,,,,,,,,,,,,,,,,,,,,education/2023/jul/03/further-education-students-in-england-under-extreme-poverty-report-finds,article,education,Education,2023-07-03T14:48:27Z,"Further education students in England hit by ‘extreme poverty’, report finds",https://www.theguardian.com/education/2023/jul/03/further-education-students-in-england-under-extreme-poverty-report-finds,https://content.guardianapis.com/education/2023/jul/03/further-education-students-in-england-under-extreme-poverty-report-finds,False,pillar/news,News
73,73,73,73.0,73.0,73.0,73.0,73.0,73.0,73.0,73.0,73.0,73.0,73.0,73.0,73.0,73.0,73.0,73.0,73.0,73.0,73.0,73.0,73.0,73.0,73.0,73.0,73.0,73.0,73.0,73.0,73.0,73.0,73.0,73.0,73.0,73.0,73.0,73.0,73.0,73.0,73.0,73.0,73.0,73.0,73.0,73.0,73.0,0.0,,,,,,,,,,,,,,,,,,,,,,,,,,,,,,,,,,,,,,,,,,,,,,,,,,,,,,,,,,,,,,,,,education/2023/jul/03/labour-would-focus-on-early-years-to-close-education-gap-in-england,article,education,Education,2023-07-03T19:46:27Z,Labour considering graduate-led nurseries to fight inequality,https://www.theguardian.com/education/2023/jul/03/labour-would-focus-on-early-years-to-close-education-gap-in-england,https://content.guardianapis.com/education/2023/jul/03/labour-would-focus-on-early-years-to-close-education-gap-in-england,False,pillar/news,News
74,74,74,74.0,74.0,74.0,74.0,74.0,74.0,74.0,74.0,74.0,74.0,74.0,74.0,74.0,74.0,74.0,74.0,74.0,74.0,74.0,74.0,74.0,74.0,74.0,74.0,74.0,74.0,74.0,74.0,74.0,74.0,74.0,74.0,74.0,74.0,74.0,74.0,74.0,74.0,74.0,74.0,74.0,74.0,74.0,0.0,,,,,,,,,,,,,,,,,,,,,,,,,,,,,,,,,,,,,,,,,,,,,,,,,,,,,,,,,,,,,,,,,,,education/2023/jul/05/united-front-teachers-could-biggest-strikes-decade-england,article,education,Education,2023-07-05T04:00:24Z,‘United front’ of teachers could launch biggest strikes in a decade in England,https://www.theguardian.com/education/2023/jul/05/united-front-teachers-could-biggest-strikes-decade-england,https://content.guardianapis.com/education/2023/jul/05/united-front-teachers-could-biggest-strikes-decade-england,False,pillar/news,News
75,75,75,75.0,75.0,75.0,75.0,75.0,75.0,75.0,75.0,75.0,75.0,75.0,75.0,75.0,75.0,75.0,75.0,75.0,75.0,75.0,75.0,75.0,75.0,75.0,75.0,75.0,75.0,75.0,75.0,75.0,75.0,75.0,75.0,75.0,75.0,75.0,75.0,75.0,75.0,75.0,75.0,75.0,75.0,75.0,1.0,,,,,,,,,,,,,,,,,,,,,,,,,,,,,,,,,,,,,,,,,,,,,,,,,,,,,,,,,,,,,,,,,,,education/2023/jul/05/sexual-harassment-girls-scourge-schools-england-mps,article,education,Education,2023-07-05T04:00:24Z,"Sexual harassment of girls is a scourge at schools in England, say MPs",https://www.theguardian.com/education/2023/jul/05/sexual-harassment-girls-scourge-schools-england-mps,https://content.guardianapis.com/education/2023/jul/05/sexual-harassment-girls-scourge-schools-england-mps,False,pillar/news,News
76,76,76,76.0,76.0,76.0,76.0,76.0,76.0,76.0,76.0,76.0,76.0,76.0,76.0,76.0,76.0,76.0,76.0,76.0,76.0,76.0,76.0,76.0,76.0,76.0,76.0,76.0,76.0,76.0,76.0,76.0,76.0,76.0,76.0,76.0,76.0,76.0,76.0,76.0,76.0,76.0,76.0,76.0,76.0,0.0,,,,,,,,,,,,,,,,,,,,,,,,,,,,,,,,,,,,,,,,,,,,,,,,,,,,,,,,,,,,,,,,,,,,education/2023/jul/05/the-task-is-impossible-three-teachers-on-why-they-are-quitting,article,education,Education,2023-07-05T16:32:13Z,‘The task is impossible’: three teachers on why they are quitting,https://www.theguardian.com/education/2023/jul/05/the-task-is-impossible-three-teachers-on-why-they-are-quitting,https://content.guardianapis.com/education/2023/jul/05/the-task-is-impossible-three-teachers-on-why-they-are-quitting,False,pillar/news,News
77,77,77,77.0,77.0,77.0,77.0,77.0,77.0,77.0,77.0,77.0,77.0,77.0,77.0,77.0,77.0,77.0,77.0,77.0,77.0,77.0,77.0,77.0,77.0,77.0,77.0,77.0,77.0,77.0,77.0,77.0,77.0,77.0,77.0,77.0,77.0,77.0,77.0,77.0,77.0,77.0,77.0,77.0,77.0,1.0,,,,,,,,,,,,,,,,,,,,,,,,,,,,,,,,,,,,,,,,,,,,,,,,,,,,,,,,,,,,,,,,,,,,education/2023/jul/05/uk-students-what-do-you-wish-you-had-known-before-going-to-university,article,education,Education,2023-07-05T10:39:27Z,UK students: what do you wish you had known before going to university?,https://www.theguardian.com/education/2023/jul/05/uk-students-what-do-you-wish-you-had-known-before-going-to-university,https://content.guardianapis.com/education/2023/jul/05/uk-students-what-do-you-wish-you-had-known-before-going-to-university,False,pillar/news,News
78,78,78,78.0,78.0,78.0,78.0,78.0,78.0,78.0,78.0,78.0,78.0,78.0,78.0,78.0,78.0,78.0,78.0,78.0,78.0,78.0,78.0,78.0,78.0,78.0,78.0,78.0,78.0,78.0,78.0,78.0,78.0,78.0,78.0,78.0,78.0,78.0,78.0,78.0,78.0,78.0,78.0,78.0,0.0,,,,,,,,,,,,,,,,,,,,,,,,,,,,,,,,,,,,,,,,,,,,,,,,,,,,,,,,,,,,,,,,,,,,,education/2023/jul/05/striking-teachers-england-children-pandemic-recovery-education-secretary-gillian-keegan,article,education,Education,2023-07-05T18:10:46Z,Striking teachers in England accused of undermining pupils’ pandemic recovery,https://www.theguardian.com/education/2023/jul/05/striking-teachers-england-children-pandemic-recovery-education-secretary-gillian-keegan,https://content.guardianapis.com/education/2023/jul/05/striking-teachers-england-children-pandemic-recovery-education-secretary-gillian-keegan,False,pillar/news,News
79,79,79,79.0,79.0,79.0,79.0,79.0,79.0,79.0,79.0,79.0,79.0,79.0,79.0,79.0,79.0,79.0,79.0,79.0,79.0,79.0,79.0,79.0,79.0,79.0,79.0,79.0,79.0,79.0,79.0,79.0,79.0,79.0,79.0,79.0,79.0,79.0,79.0,79.0,79.0,79.0,79.0,0.0,,,,,,,,,,,,,,,,,,,,,,,,,,,,,,,,,,,,,,,,,,,,,,,,,,,,,,,,,,,,,,,,,,,,,,education/2023/jul/06/how-important-is-horizon-science-project-for-uk-and-could-it-rejoin,article,education,Education,2023-07-06T15:59:17Z,How important is Horizon science project for UK – and could it rejoin?,https://www.theguardian.com/education/2023/jul/06/how-important-is-horizon-science-project-for-uk-and-could-it-rejoin,https://content.guardianapis.com/education/2023/jul/06/how-important-is-horizon-science-project-for-uk-and-could-it-rejoin,False,pillar/news,News
80,80,80,80.0,80.0,80.0,80.0,80.0,80.0,80.0,80.0,80.0,80.0,80.0,80.0,80.0,80.0,80.0,80.0,80.0,80.0,80.0,80.0,80.0,80.0,80.0,80.0,80.0,80.0,80.0,80.0,80.0,80.0,80.0,80.0,80.0,80.0,80.0,80.0,80.0,80.0,80.0,80.0,1.0,,,,,,,,,,,,,,,,,,,,,,,,,,,,,,,,,,,,,,,,,,,,,,,,,,,,,,,,,,,,,,,,,,,,,,education/2023/jul/06/keir-starmer-free-school-meals-labour-leader-teachers-pay-rise,article,education,Education,2023-07-06T09:14:01Z,Keir Starmer refuses to commit to free school meals pledge,https://www.theguardian.com/education/2023/jul/06/keir-starmer-free-school-meals-labour-leader-teachers-pay-rise,https://content.guardianapis.com/education/2023/jul/06/keir-starmer-free-school-meals-labour-leader-teachers-pay-rise,False,pillar/news,News
81,81,81,81.0,81.0,81.0,81.0,81.0,81.0,81.0,81.0,81.0,81.0,81.0,81.0,81.0,81.0,81.0,81.0,81.0,81.0,81.0,81.0,81.0,81.0,81.0,81.0,81.0,81.0,81.0,81.0,81.0,81.0,81.0,81.0,81.0,81.0,81.0,81.0,81.0,81.0,81.0,0.0,,,,,,,,,,,,,,,,,,,,,,,,,,,,,,,,,,,,,,,,,,,,,,,,,,,,,,,,,,,,,,,,,,,,,,,education/2023/jul/06/wimbledon-school-staff-speechless-with-grief-after-fatal-car-collision,article,education,Education,2023-07-06T17:24:34Z,Wimbledon school staff speechless with grief after fatal car collision,https://www.theguardian.com/education/2023/jul/06/wimbledon-school-staff-speechless-with-grief-after-fatal-car-collision,https://content.guardianapis.com/education/2023/jul/06/wimbledon-school-staff-speechless-with-grief-after-fatal-car-collision,False,pillar/news,News
82,82,82,82.0,82.0,82.0,82.0,82.0,82.0,82.0,82.0,82.0,82.0,82.0,82.0,82.0,82.0,82.0,82.0,82.0,82.0,82.0,82.0,82.0,82.0,82.0,82.0,82.0,82.0,82.0,82.0,82.0,82.0,82.0,82.0,82.0,82.0,82.0,82.0,82.0,82.0,0.0,,,,,,,,,,,,,,,,,,,,,,,,,,,,,,,,,,,,,,,,,,,,,,,,,,,,,,,,,,,,,,,,,,,,,,,,education/2023/jul/07/there-are-lessons-to-be-learned-on-nursery-schools,article,education,Education,2023-07-07T16:10:39Z,There are lessons to be learned on nursery schools | Letters,https://www.theguardian.com/education/2023/jul/07/there-are-lessons-to-be-learned-on-nursery-schools,https://content.guardianapis.com/education/2023/jul/07/there-are-lessons-to-be-learned-on-nursery-schools,False,pillar/news,News
83,83,83,83.0,83.0,83.0,83.0,83.0,83.0,83.0,83.0,83.0,83.0,83.0,83.0,83.0,83.0,83.0,83.0,83.0,83.0,83.0,83.0,83.0,83.0,83.0,83.0,83.0,83.0,83.0,83.0,83.0,83.0,83.0,83.0,83.0,83.0,83.0,83.0,83.0,83.0,1.0,,,,,,,,,,,,,,,,,,,,,,,,,,,,,,,,,,,,,,,,,,,,,,,,,,,,,,,,,,,,,,,,,,,,,,,,education/2023/jul/07/dfe-early-years-funding-gross-underestimate-needs-providers,article,education,Education,2023-07-07T14:45:43Z,"Childcare cash boost in England ‘grossly underestimates’ needs, say providers",https://www.theguardian.com/education/2023/jul/07/dfe-early-years-funding-gross-underestimate-needs-providers,https://content.guardianapis.com/education/2023/jul/07/dfe-early-years-funding-gross-underestimate-needs-providers,False,pillar/news,News
84,84,84,84.0,84.0,84.0,84.0,84.0,84.0,84.0,84.0,84.0,84.0,84.0,84.0,84.0,84.0,84.0,84.0,84.0,84.0,84.0,84.0,84.0,84.0,84.0,84.0,84.0,84.0,84.0,84.0,84.0,84.0,84.0,84.0,84.0,84.0,84.0,84.0,84.0,84.0,2.0,,,,,,,,,,,,,,,,,,,,,,,,,,,,,,,,,,,,,,,,,,,,,,,,,,,,,,,,,,,,,,,,,,,,,,,,education/2023/jul/07/pay-rise-stop-teaching-strikes-england-union-boss,article,education,Education,2023-07-07T08:43:44Z,"Pay rise of 6.5% would end England’s teacher strikes, union leader suggests",https://www.theguardian.com/education/2023/jul/07/pay-rise-stop-teaching-strikes-england-union-boss,https://content.guardianapis.com/education/2023/jul/07/pay-rise-stop-teaching-strikes-england-union-boss,False,pillar/news,News
85,85,85,85.0,85.0,85.0,85.0,85.0,85.0,85.0,85.0,85.0,85.0,85.0,85.0,85.0,85.0,85.0,85.0,85.0,85.0,85.0,85.0,85.0,85.0,85.0,85.0,85.0,85.0,85.0,85.0,85.0,85.0,85.0,85.0,85.0,85.0,85.0,85.0,85.0,0.0,,,,,,,,,,,,,,,,,,,,,,,,,,,,,,,,,,,,,,,,,,,,,,,,,,,,,,,,,,,,,,,,,,,,,,,,,education/2023/jul/07/new-ofsted-report-upgrades-ruth-perrys-school-to-good,article,education,Education,2023-07-07T18:48:39Z,New Ofsted report upgrades headteacher Ruth Perry’s school to ‘good’,https://www.theguardian.com/education/2023/jul/07/new-ofsted-report-upgrades-ruth-perrys-school-to-good,https://content.guardianapis.com/education/2023/jul/07/new-ofsted-report-upgrades-ruth-perrys-school-to-good,False,pillar/news,News
86,86,86,86.0,86.0,86.0,86.0,86.0,86.0,86.0,86.0,86.0,86.0,86.0,86.0,86.0,86.0,86.0,86.0,86.0,86.0,86.0,86.0,86.0,86.0,86.0,86.0,86.0,86.0,86.0,86.0,86.0,86.0,86.0,86.0,86.0,86.0,86.0,86.0,86.0,1.0,,,,,,,,,,,,,,,,,,,,,,,,,,,,,,,,,,,,,,,,,,,,,,,,,,,,,,,,,,,,,,,,,,,,,,,,,education/2023/jul/07/labour-oracy-plan-children-speaking-skills-england-schools,article,education,Education,2023-07-07T18:35:09Z, Labour’s plan to improve children’s speaking skills gets mixed reaction,https://www.theguardian.com/education/2023/jul/07/labour-oracy-plan-children-speaking-skills-england-schools,https://content.guardianapis.com/education/2023/jul/07/labour-oracy-plan-children-speaking-skills-england-schools,False,pillar/news,News
87,87,87,87.0,87.0,87.0,87.0,87.0,87.0,87.0,87.0,87.0,87.0,87.0,87.0,87.0,87.0,87.0,87.0,87.0,87.0,87.0,87.0,87.0,87.0,87.0,87.0,87.0,87.0,87.0,87.0,87.0,87.0,87.0,87.0,87.0,87.0,87.0,0.0,,,,,,,,,,,,,,,,,,,,,,,,,,,,,,,,,,,,,,,,,,,,,,,,,,,,,,,,,,,,,,,,,,,,,,,,,,,education/2023/jul/09/english-teaching-unions-strike-tory-conference,article,education,Education,2023-07-09T05:00:35Z,English teaching unions to strike during Tory conference if pay deal rejected,https://www.theguardian.com/education/2023/jul/09/english-teaching-unions-strike-tory-conference,https://content.guardianapis.com/education/2023/jul/09/english-teaching-unions-strike-tory-conference,False,pillar/news,News
88,88,88,88.0,88.0,88.0,88.0,88.0,88.0,88.0,88.0,88.0,88.0,88.0,88.0,88.0,88.0,88.0,88.0,88.0,88.0,88.0,88.0,88.0,88.0,88.0,88.0,88.0,88.0,88.0,88.0,88.0,88.0,88.0,88.0,0.0,,,,,,,,,,,,,,,,,,,,,,,,,,,,,,,,,,,,,,,,,,,,,,,,,,,,,,,,,,,,,,,,,,,,,,,,,,,,,,education/2023/jul/10/labour-is-right-to-talk-about-the-power-of-oracy,article,education,Education,2023-07-10T16:14:25Z,Labour is right to talk about the power of oracy | Letters,https://www.theguardian.com/education/2023/jul/10/labour-is-right-to-talk-about-the-power-of-oracy,https://content.guardianapis.com/education/2023/jul/10/labour-is-right-to-talk-about-the-power-of-oracy,False,pillar/news,News
89,89,89,89.0,89.0,89.0,89.0,89.0,89.0,89.0,89.0,89.0,89.0,89.0,89.0,89.0,89.0,89.0,89.0,89.0,89.0,89.0,89.0,89.0,89.0,89.0,89.0,89.0,89.0,89.0,89.0,89.0,89.0,89.0,89.0,1.0,,,,,,,,,,,,,,,,,,,,,,,,,,,,,,,,,,,,,,,,,,,,,,,,,,,,,,,,,,,,,,,,,,,,,,,,,,,,,,education/2023/jul/10/anatomy-is-a-vital-part-of-the-medical-curriculum,article,education,Education,2023-07-10T16:09:36Z,Anatomy is a vital part of the medical curriculum | Letters,https://www.theguardian.com/education/2023/jul/10/anatomy-is-a-vital-part-of-the-medical-curriculum,https://content.guardianapis.com/education/2023/jul/10/anatomy-is-a-vital-part-of-the-medical-curriculum,False,pillar/news,News
90,90,90,90.0,90.0,90.0,90.0,90.0,90.0,90.0,90.0,90.0,90.0,90.0,90.0,90.0,90.0,90.0,90.0,90.0,90.0,90.0,90.0,90.0,90.0,90.0,90.0,90.0,90.0,90.0,90.0,90.0,90.0,90.0,0.0,,,,,,,,,,,,,,,,,,,,,,,,,,,,,,,,,,,,,,,,,,,,,,,,,,,,,,,,,,,,,,,,,,,,,,,,,,,,,,,education/2023/jul/11/ending-private-school-tax-breaks-raise-15bn-state-sector-thinktank,article,education,Education,2023-07-10T23:01:26Z,"Ending private school tax breaks would raise £1.5bn for state sector, thinktank says ",https://www.theguardian.com/education/2023/jul/11/ending-private-school-tax-breaks-raise-15bn-state-sector-thinktank,https://content.guardianapis.com/education/2023/jul/11/ending-private-school-tax-breaks-raise-15bn-state-sector-thinktank,False,pillar/news,News
91,91,91,91.0,91.0,91.0,91.0,91.0,91.0,91.0,91.0,91.0,91.0,91.0,91.0,91.0,91.0,91.0,91.0,91.0,91.0,91.0,91.0,91.0,91.0,91.0,91.0,91.0,91.0,91.0,91.0,91.0,91.0,0.0,,,,,,,,,,,,,,,,,,,,,,,,,,,,,,,,,,,,,,,,,,,,,,,,,,,,,,,,,,,,,,,,,,,,,,,,,,,,,,,,education/2023/jul/11/england-sats-results-primary-school-attainment-below-pre-covid-levels,article,education,Education,2023-07-11T14:23:55Z,Sats attainment in English primary schools still below pre-Covid levels,https://www.theguardian.com/education/2023/jul/11/england-sats-results-primary-school-attainment-below-pre-covid-levels,https://content.guardianapis.com/education/2023/jul/11/england-sats-results-primary-school-attainment-below-pre-covid-levels,False,pillar/news,News
92,92,92,92.0,92.0,92.0,92.0,92.0,92.0,92.0,92.0,92.0,92.0,92.0,92.0,92.0,92.0,92.0,92.0,92.0,92.0,92.0,92.0,92.0,92.0,92.0,92.0,92.0,92.0,92.0,92.0,92.0,0.0,,,,,,,,,,,,,,,,,,,,,,,,,,,,,,,,,,,,,,,,,,,,,,,,,,,,,,,,,,,,,,,,,,,,,,,,,,,,,,,,,education/2023/jul/11/inquest-to-examine-ofsteds-role-in-lead-up-to-death-of-headteacher-ruth-perry,article,education,Education,2023-07-11T17:56:27Z,Inquest to examine Ofsted’s role in lead-up to death of headteacher Ruth Perry,https://www.theguardian.com/education/2023/jul/11/inquest-to-examine-ofsteds-role-in-lead-up-to-death-of-headteacher-ruth-perry,https://content.guardianapis.com/education/2023/jul/11/inquest-to-examine-ofsteds-role-in-lead-up-to-death-of-headteacher-ruth-perry,False,pillar/news,News
93,93,93,93.0,93.0,93.0,93.0,93.0,93.0,93.0,93.0,93.0,93.0,93.0,93.0,93.0,93.0,93.0,93.0,93.0,93.0,93.0,93.0,93.0,93.0,93.0,93.0,93.0,93.0,0.0,,,,,,,,,,,,,,,,,,,,,,,,,,,,,,,,,,,,,,,,,,,,,,,,,,,,,,,,,,,,,,,,,,,,,,,,,,,,,,,,,,,,education/2023/jul/13/school-in-cat-pupil-controversy-given-ofsted-all-clear-after-snap-inspection,article,education,Education,2023-07-13T13:27:05Z,School in ‘cat pupil’ controversy given Ofsted all-clear after snap inspection,https://www.theguardian.com/education/2023/jul/13/school-in-cat-pupil-controversy-given-ofsted-all-clear-after-snap-inspection,https://content.guardianapis.com/education/2023/jul/13/school-in-cat-pupil-controversy-given-ofsted-all-clear-after-snap-inspection,False,pillar/news,News
94,94,94,94.0,94.0,94.0,94.0,94.0,94.0,94.0,94.0,94.0,94.0,94.0,94.0,94.0,94.0,94.0,94.0,94.0,94.0,94.0,94.0,94.0,94.0,94.0,94.0,94.0,94.0,1.0,,,,,,,,,,,,,,,,,,,,,,,,,,,,,,,,,,,,,,,,,,,,,,,,,,,,,,,,,,,,,,,,,,,,,,,,,,,,,,,,,,,,education/2023/jul/13/how-teacher-shortages-in-england-are-affecting-pupils,article,education,Education,2023-07-13T13:00:33Z,‘Year 10 was a write-off’: the pupils at the sharp end of England’s teacher recruitment crisis,https://www.theguardian.com/education/2023/jul/13/how-teacher-shortages-in-england-are-affecting-pupils,https://content.guardianapis.com/education/2023/jul/13/how-teacher-shortages-in-england-are-affecting-pupils,False,pillar/news,News
95,95,95,95.0,95.0,95.0,95.0,95.0,95.0,95.0,95.0,95.0,95.0,95.0,95.0,95.0,95.0,95.0,95.0,95.0,95.0,95.0,95.0,95.0,95.0,95.0,95.0,0.0,,,,,,,,,,,,,,,,,,,,,,,,,,,,,,,,,,,,,,,,,,,,,,,,,,,,,,,,,,,,,,,,,,,,,,,,,,,,,,,,,,,,,,education/2023/jul/14/overseas-students-uk-universities-income,article,education,Education,2023-07-14T17:00:07Z,"Fifth of UK universities’ income comes from overseas students, figures show",https://www.theguardian.com/education/2023/jul/14/overseas-students-uk-universities-income,https://content.guardianapis.com/education/2023/jul/14/overseas-students-uk-universities-income,False,pillar/news,News
96,96,96,96.0,96.0,96.0,96.0,96.0,96.0,96.0,96.0,96.0,96.0,96.0,96.0,96.0,96.0,96.0,96.0,96.0,96.0,96.0,96.0,96.0,96.0,96.0,96.0,1.0,,,,,,,,,,,,,,,,,,,,,,,,,,,,,,,,,,,,,,,,,,,,,,,,,,,,,,,,,,,,,,,,,,,,,,,,,,,,,,,,,,,,,,education/2023/jul/14/were-behind-andy-burnhams-technical-education-revolution,article,education,Education,2023-07-14T16:35:18Z,We’re behind Andy Burnham’s technical education revolution | Letters,https://www.theguardian.com/education/2023/jul/14/were-behind-andy-burnhams-technical-education-revolution,https://content.guardianapis.com/education/2023/jul/14/were-behind-andy-burnhams-technical-education-revolution,False,pillar/news,News
97,97,97,97.0,97.0,97.0,97.0,97.0,97.0,97.0,97.0,97.0,97.0,97.0,97.0,97.0,97.0,97.0,97.0,97.0,97.0,97.0,97.0,97.0,97.0,97.0,97.0,2.0,,,,,,,,,,,,,,,,,,,,,,,,,,,,,,,,,,,,,,,,,,,,,,,,,,,,,,,,,,,,,,,,,,,,,,,,,,,,,,,,,,,,,,education/2023/jul/14/education-secretary-accused-of-being-flippant-over-absent-pupils-in-england,article,education,Education,2023-07-14T13:31:09Z,Education secretary accused of being ‘flippant’ over absent pupils in England,https://www.theguardian.com/education/2023/jul/14/education-secretary-accused-of-being-flippant-over-absent-pupils-in-england,https://content.guardianapis.com/education/2023/jul/14/education-secretary-accused-of-being-flippant-over-absent-pupils-in-england,False,pillar/news,News
98,98,98,98.0,98.0,98.0,98.0,98.0,98.0,98.0,98.0,98.0,98.0,98.0,98.0,98.0,98.0,98.0,98.0,98.0,98.0,98.0,98.0,98.0,98.0,98.0,0.0,,,,,,,,,,,,,,,,,,,,,,,,,,,,,,,,,,,,,,,,,,,,,,,,,,,,,,,,,,,,,,,,,,,,,,,,,,,,,,,,,,,,,,,education/2023/jul/14/rishi-sunak-force-english-universities-cap-low-value-degrees,article,education,Education,2023-07-14T17:55:34Z,Sunak to force English universities to cap numbers of students on ‘low-value’ degrees,https://www.theguardian.com/education/2023/jul/14/rishi-sunak-force-english-universities-cap-low-value-degrees,https://content.guardianapis.com/education/2023/jul/14/rishi-sunak-force-english-universities-cap-low-value-degrees,False,pillar/news,News
99,99,99,99.0,99.0,99.0,99.0,99.0,99.0,99.0,99.0,99.0,99.0,99.0,99.0,99.0,99.0,99.0,99.0,99.0,99.0,99.0,99.0,0.0,,,,,,,,,,,,,,,,,,,,,,,,,,,,,,,,,,,,,,,,,,,,,,,,,,,,,,,,,,,,,,,,,,,,,,,,,,,,,,,,,,,,,,,,,,education/2023/jul/16/opposition-grows-among-teachers-to-65-pay-offer-in-england,article,education,Education,2023-07-16T16:48:39Z,Opposition grows among teachers to 6.5% pay offer in England,https://www.theguardian.com/education/2023/jul/16/opposition-grows-among-teachers-to-65-pay-offer-in-england,https://content.guardianapis.com/education/2023/jul/16/opposition-grows-among-teachers-to-65-pay-offer-in-england,False,pillar/news,News
100,100,100,100.0,100.0,100.0,100.0,100.0,100.0,100.0,100.0,100.0,100.0,100.0,100.0,100.0,100.0,100.0,100.0,100.0,100.0,100.0,100.0,1.0,,,,,,,,,,,,,,,,,,,,,,,,,,,,,,,,,,,,,,,,,,,,,,,,,,,,,,,,,,,,,,,,,,,,,,,,,,,,,,,,,,,,,,,,,,education/2023/jul/17/gonski-review-government-funding-private-public-schools,article,education,Education,2023-07-16T15:00:03Z,"Private school funding increased twice as much as public schools’ in decade after Gonski, data shows",https://www.theguardian.com/education/2023/jul/17/gonski-review-government-funding-private-public-schools,https://content.guardianapis.com/education/2023/jul/17/gonski-review-government-funding-private-public-schools,False,pillar/news,News
101,101,101,101.0,101.0,101.0,101.0,101.0,101.0,101.0,101.0,101.0,101.0,101.0,101.0,101.0,101.0,101.0,101.0,101.0,101.0,101.0,101.0,2.0,,,,,,,,,,,,,,,,,,,,,,,,,,,,,,,,,,,,,,,,,,,,,,,,,,,,,,,,,,,,,,,,,,,,,,,,,,,,,,,,,,,,,,,,,,education/2023/jul/16/coram-charity-accused-throttling-by-stealth-nursery-it-helped-create,article,education,Education,2023-07-16T11:46:16Z,Coram charity accused of ‘throttling by stealth’ nursery it helped create ,https://www.theguardian.com/education/2023/jul/16/coram-charity-accused-throttling-by-stealth-nursery-it-helped-create,https://content.guardianapis.com/education/2023/jul/16/coram-charity-accused-throttling-by-stealth-nursery-it-helped-create,False,pillar/news,News
102,102,102,102.0,102.0,102.0,102.0,102.0,102.0,102.0,102.0,102.0,102.0,102.0,102.0,102.0,102.0,102.0,102.0,102.0,102.0,102.0,0.0,,,,,,,,,,,,,,,,,,,,,,,,,,,,,,,,,,,,,,,,,,,,,,,,,,,,,,,,,,,,,,,,,,,,,,,,,,,,,,,,,,,,,,,,,,,education/2023/jul/17/rishi-sunak-university-degrees-courses-england,article,education,Education,2023-07-16T23:01:12Z,"Sunak ‘attacking people’s aspirations’ with universities policy, Labour says",https://www.theguardian.com/education/2023/jul/17/rishi-sunak-university-degrees-courses-england,https://content.guardianapis.com/education/2023/jul/17/rishi-sunak-university-degrees-courses-england,False,pillar/news,News
103,103,103,103.0,103.0,103.0,103.0,103.0,103.0,103.0,103.0,103.0,103.0,103.0,103.0,103.0,103.0,103.0,103.0,103.0,103.0,0.0,,,,,,,,,,,,,,,,,,,,,,,,,,,,,,,,,,,,,,,,,,,,,,,,,,,,,,,,,,,,,,,,,,,,,,,,,,,,,,,,,,,,,,,,,,,,education/2023/jul/17/the-bones-of-medical-education-examined,article,education,Education,2023-07-17T16:57:28Z,The bones of medical education examined | Letters,https://www.theguardian.com/education/2023/jul/17/the-bones-of-medical-education-examined,https://content.guardianapis.com/education/2023/jul/17/the-bones-of-medical-education-examined,False,pillar/news,News
104,104,104,104.0,104.0,104.0,104.0,104.0,104.0,104.0,104.0,104.0,104.0,104.0,104.0,104.0,104.0,104.0,104.0,104.0,104.0,1.0,,,,,,,,,,,,,,,,,,,,,,,,,,,,,,,,,,,,,,,,,,,,,,,,,,,,,,,,,,,,,,,,,,,,,,,,,,,,,,,,,,,,,,,,,,,,education/2023/jul/18/the-parents-fleeing-australias-public-school-system-and-those-choosing-to-stay,article,education,Education,2023-07-17T15:00:29Z,The parents fleeing Australia’s public school system – and those choosing to stay,https://www.theguardian.com/education/2023/jul/18/the-parents-fleeing-australias-public-school-system-and-those-choosing-to-stay,https://content.guardianapis.com/education/2023/jul/18/the-parents-fleeing-australias-public-school-system-and-those-choosing-to-stay,False,pillar/news,News
105,105,105,105.0,105.0,105.0,105.0,105.0,105.0,105.0,105.0,105.0,105.0,105.0,105.0,105.0,105.0,105.0,105.0,0.0,,,,,,,,,,,,,,,,,,,,,,,,,,,,,,,,,,,,,,,,,,,,,,,,,,,,,,,,,,,,,,,,,,,,,,,,,,,,,,,,,,,,,,,,,,,,,,education/2023/jul/18/push-for-kinder-ofsted-in-doubt-as-boss-of-strict-academy-chain-tipped-for-top-job,article,education,Education,2023-07-18T17:14:56Z,Push for ‘kinder’ Ofsted in doubt as boss of strict academy chain tipped for top job,https://www.theguardian.com/education/2023/jul/18/push-for-kinder-ofsted-in-doubt-as-boss-of-strict-academy-chain-tipped-for-top-job,https://content.guardianapis.com/education/2023/jul/18/push-for-kinder-ofsted-in-doubt-as-boss-of-strict-academy-chain-tipped-for-top-job,False,pillar/news,News
106,106,106,106.0,106.0,106.0,106.0,106.0,106.0,106.0,106.0,106.0,106.0,106.0,106.0,106.0,106.0,106.0,106.0,1.0,,,,,,,,,,,,,,,,,,,,,,,,,,,,,,,,,,,,,,,,,,,,,,,,,,,,,,,,,,,,,,,,,,,,,,,,,,,,,,,,,,,,,,,,,,,,,,education/2023/jul/18/sharon-mellor-obituary,article,education,Education,2023-07-18T16:17:40Z,Sharon Mellor obituary,https://www.theguardian.com/education/2023/jul/18/sharon-mellor-obituary,https://content.guardianapis.com/education/2023/jul/18/sharon-mellor-obituary,False,pillar/news,News
107,107,107,107.0,107.0,107.0,107.0,107.0,107.0,107.0,107.0,107.0,107.0,107.0,107.0,107.0,107.0,107.0,107.0,2.0,,,,,,,,,,,,,,,,,,,,,,,,,,,,,,,,,,,,,,,,,,,,,,,,,,,,,,,,,,,,,,,,,,,,,,,,,,,,,,,,,,,,,,,,,,,,,,education/2023/jul/19/gonski-review-funding-gap-private-schools-better-off-than-public-hiring-teachers,article,education,Education,2023-07-18T15:00:24Z,"Increased funding has left private schools better able to attract teachers, public principals say",https://www.theguardian.com/education/2023/jul/19/gonski-review-funding-gap-private-schools-better-off-than-public-hiring-teachers,https://content.guardianapis.com/education/2023/jul/19/gonski-review-funding-gap-private-schools-better-off-than-public-hiring-teachers,False,pillar/news,News
108,108,108,108.0,108.0,108.0,108.0,108.0,108.0,108.0,108.0,108.0,108.0,108.0,108.0,108.0,108.0,108.0,108.0,3.0,,,,,,,,,,,,,,,,,,,,,,,,,,,,,,,,,,,,,,,,,,,,,,,,,,,,,,,,,,,,,,,,,,,,,,,,,,,,,,,,,,,,,,,,,,,,,,education/2023/jul/19/gonski-review-reform-indigenous-children-worse-off-education-system-funding,article,education,Education,2023-07-18T15:00:23Z,‘Where is the accountability?’: Indigenous children bear the brunt of Australia’s unequal education system,https://www.theguardian.com/education/2023/jul/19/gonski-review-reform-indigenous-children-worse-off-education-system-funding,https://content.guardianapis.com/education/2023/jul/19/gonski-review-reform-indigenous-children-worse-off-education-system-funding,False,pillar/news,News
109,109,109,109.0,109.0,109.0,109.0,109.0,109.0,109.0,109.0,109.0,109.0,109.0,109.0,109.0,109.0,0.0,,,,,,,,,,,,,,,,,,,,,,,,,,,,,,,,,,,,,,,,,,,,,,,,,,,,,,,,,,,,,,,,,,,,,,,,,,,,,,,,,,,,,,,,,,,,,,,,education/2023/jul/20/gonski-review-school-funding-government-public-private-education,article,education,Education,2023-07-19T15:00:04Z,The Gonski dream: how can governments restore funding – and trust – to public education? ,https://www.theguardian.com/education/2023/jul/20/gonski-review-school-funding-government-public-private-education,https://content.guardianapis.com/education/2023/jul/20/gonski-review-school-funding-government-public-private-education,False,pillar/news,News
110,110,110,110.0,110.0,110.0,110.0,110.0,110.0,110.0,110.0,110.0,110.0,110.0,110.0,110.0,0.0,,,,,,,,,,,,,,,,,,,,,,,,,,,,,,,,,,,,,,,,,,,,,,,,,,,,,,,,,,,,,,,,,,,,,,,,,,,,,,,,,,,,,,,,,,,,,,,,,education/2023/jul/20/vocational-t-levels-england-ofsted-report,article,education,Education,2023-07-20T05:00:20Z,"Vocational T-levels offer England’s students poor value, Ofsted says",https://www.theguardian.com/education/2023/jul/20/vocational-t-levels-england-ofsted-report,https://content.guardianapis.com/education/2023/jul/20/vocational-t-levels-england-ofsted-report,False,pillar/news,News
111,111,111,111.0,111.0,111.0,111.0,111.0,111.0,111.0,111.0,111.0,111.0,111.0,111.0,111.0,1.0,,,,,,,,,,,,,,,,,,,,,,,,,,,,,,,,,,,,,,,,,,,,,,,,,,,,,,,,,,,,,,,,,,,,,,,,,,,,,,,,,,,,,,,,,,,,,,,,,education/commentisfree/2023/jul/20/australian-schools-public-private-segregation,article,education,Education,2023-07-20T01:00:15Z,Social segregation is the biggest problem facing Australian schools. Can we balance choice and fairness? | Tom Greenwell and Chris Bonnor ,https://www.theguardian.com/education/commentisfree/2023/jul/20/australian-schools-public-private-segregation,https://content.guardianapis.com/education/commentisfree/2023/jul/20/australian-schools-public-private-segregation,False,pillar/news,News
112,112,112,112.0,112.0,112.0,112.0,112.0,112.0,112.0,112.0,112.0,112.0,112.0,112.0,112.0,2.0,,,,,,,,,,,,,,,,,,,,,,,,,,,,,,,,,,,,,,,,,,,,,,,,,,,,,,,,,,,,,,,,,,,,,,,,,,,,,,,,,,,,,,,,,,,,,,,,,education/2023/jul/19/whats-the-real-worth-of-low-value-degrees,article,education,Education,2023-07-19T17:30:05Z,What’s the real worth of ‘low-value’ degrees? | Letters,https://www.theguardian.com/education/2023/jul/19/whats-the-real-worth-of-low-value-degrees,https://content.guardianapis.com/education/2023/jul/19/whats-the-real-worth-of-low-value-degrees,False,pillar/news,News
113,113,113,113.0,113.0,113.0,113.0,113.0,113.0,113.0,113.0,113.0,113.0,113.0,113.0,113.0,3.0,,,,,,,,,,,,,,,,,,,,,,,,,,,,,,,,,,,,,,,,,,,,,,,,,,,,,,,,,,,,,,,,,,,,,,,,,,,,,,,,,,,,,,,,,,,,,,,,,education/2023/jul/19/dont-blame-the-1944-education-act-for-grammar-schools-and-secondary-moderns,article,education,Education,2023-07-19T17:29:59Z,Don’t blame the 1944 Education Act for grammar schools and secondary moderns | Letter,https://www.theguardian.com/education/2023/jul/19/dont-blame-the-1944-education-act-for-grammar-schools-and-secondary-moderns,https://content.guardianapis.com/education/2023/jul/19/dont-blame-the-1944-education-act-for-grammar-schools-and-secondary-moderns,False,pillar/news,News
114,114,114,114.0,114.0,114.0,114.0,114.0,114.0,114.0,114.0,114.0,114.0,114.0,0.0,,,,,,,,,,,,,,,,,,,,,,,,,,,,,,,,,,,,,,,,,,,,,,,,,,,,,,,,,,,,,,,,,,,,,,,,,,,,,,,,,,,,,,,,,,,,,,,,,,,education/2023/jul/20/sir-martyn-oliver-what-can-schools-expect-ofsted-next-chief,article,education,Education,2023-07-20T17:36:20Z,Sir Martyn Oliver: what can schools expect from Ofsted’s next chief?,https://www.theguardian.com/education/2023/jul/20/sir-martyn-oliver-what-can-schools-expect-ofsted-next-chief,https://content.guardianapis.com/education/2023/jul/20/sir-martyn-oliver-what-can-schools-expect-ofsted-next-chief,False,pillar/news,News
115,115,115,115.0,115.0,115.0,115.0,115.0,115.0,115.0,115.0,115.0,115.0,0.0,,,,,,,,,,,,,,,,,,,,,,,,,,,,,,,,,,,,,,,,,,,,,,,,,,,,,,,,,,,,,,,,,,,,,,,,,,,,,,,,,,,,,,,,,,,,,,,,,,,,education/2023/jul/21/christopher-columbus-letter-king-ferdinand-returned-italy,article,education,Education,2023-07-21T10:00:41Z,Stolen Christopher Columbus letter found in Delaware returned to Italy,https://www.theguardian.com/education/2023/jul/21/christopher-columbus-letter-king-ferdinand-returned-italy,https://content.guardianapis.com/education/2023/jul/21/christopher-columbus-letter-king-ferdinand-returned-italy,False,pillar/news,News
116,116,116,116.0,116.0,116.0,116.0,116.0,116.0,116.0,116.0,0.0,,,,,,,,,,,,,,,,,,,,,,,,,,,,,,,,,,,,,,,,,,,,,,,,,,,,,,,,,,,,,,,,,,,,,,,,,,,,,,,,,,,,,,,,,,,,,,,,,,,,,,education/2023/jul/22/rebel-teachers-vote-reject-uk-pay-offer-strikes,article,education,Education,2023-07-22T12:11:15Z,September school strikes possible as rebel teachers in England set to reject pay offer,https://www.theguardian.com/education/2023/jul/22/rebel-teachers-vote-reject-uk-pay-offer-strikes,https://content.guardianapis.com/education/2023/jul/22/rebel-teachers-vote-reject-uk-pay-offer-strikes,False,pillar/news,News
117,117,117,117.0,117.0,117.0,117.0,117.0,117.0,117.0,0.0,,,,,,,,,,,,,,,,,,,,,,,,,,,,,,,,,,,,,,,,,,,,,,,,,,,,,,,,,,,,,,,,,,,,,,,,,,,,,,,,,,,,,,,,,,,,,,,,,,,,,,,education/2023/jul/23/nsw-public-schools-are-in-disrepair-but-capital-works-funding-is-failing-to-materialise,article,education,Education,2023-07-23T01:00:27Z,NSW public schools are in disrepair but capital works funding is failing to materialise,https://www.theguardian.com/education/2023/jul/23/nsw-public-schools-are-in-disrepair-but-capital-works-funding-is-failing-to-materialise,https://content.guardianapis.com/education/2023/jul/23/nsw-public-schools-are-in-disrepair-but-capital-works-funding-is-failing-to-materialise,False,pillar/news,News
118,118,118,118.0,118.0,118.0,118.0,118.0,118.0,0.0,,,,,,,,,,,,,,,,,,,,,,,,,,,,,,,,,,,,,,,,,,,,,,,,,,,,,,,,,,,,,,,,,,,,,,,,,,,,,,,,,,,,,,,,,,,,,,,,,,,,,,,,education/2023/jul/23/outrage-over-chichester-university-plan-to-cut-african-history-course-and-its-professor,article,education,Education,2023-07-23T15:00:44Z,Outrage over UK university’s plan to cut African history course and its professor,https://www.theguardian.com/education/2023/jul/23/outrage-over-chichester-university-plan-to-cut-african-history-course-and-its-professor,https://content.guardianapis.com/education/2023/jul/23/outrage-over-chichester-university-plan-to-cut-african-history-course-and-its-professor,False,pillar/news,News
119,119,119,119.0,119.0,119.0,119.0,119.0,0.0,,,,,,,,,,,,,,,,,,,,,,,,,,,,,,,,,,,,,,,,,,,,,,,,,,,,,,,,,,,,,,,,,,,,,,,,,,,,,,,,,,,,,,,,,,,,,,,,,,,,,,,,,australia-news/2023/jul/24/australian-public-school-funding-falls-behind-as-states-fail-to-meet-targets,article,education,Education,2023-07-23T15:00:46Z,Australian public school funding falls behind private schools as states fail to meet targets,https://www.theguardian.com/australia-news/2023/jul/24/australian-public-school-funding-falls-behind-as-states-fail-to-meet-targets,https://content.guardianapis.com/australia-news/2023/jul/24/australian-public-school-funding-falls-behind-as-states-fail-to-meet-targets,False,pillar/news,News
120,120,120,120.0,120.0,0.0,,,,,,,,,,,,,,,,,,,,,,,,,,,,,,,,,,,,,,,,,,,,,,,,,,,,,,,,,,,,,,,,,,,,,,,,,,,,,,,,,,,,,,,,,,,,,,,,,,,,,,,,,,,,education/2023/jul/25/bob-cowen-obituary,article,education,Education,2023-07-25T16:14:12Z,Bob Cowen obituary,https://www.theguardian.com/education/2023/jul/25/bob-cowen-obituary,https://content.guardianapis.com/education/2023/jul/25/bob-cowen-obituary,False,pillar/news,News
121,121,121,121.0,0.0,,,,,,,,,,,,,,,,,,,,,,,,,,,,,,,,,,,,,,,,,,,,,,,,,,,,,,,,,,,,,,,,,,,,,,,,,,,,,,,,,,,,,,,,,,,,,,,,,,,,,,,,,,,,,education/2023/jul/26/distraction-cyberbullying-key-concerns-phones-uk-schools,article,education,Education,2023-07-25T23:01:03Z,Distraction and cyberbullying are key concerns over phones in UK schools,https://www.theguardian.com/education/2023/jul/26/distraction-cyberbullying-key-concerns-phones-uk-schools,https://content.guardianapis.com/education/2023/jul/26/distraction-cyberbullying-key-concerns-phones-uk-schools,False,pillar/news,News
122,122,122,122.0,1.0,,,,,,,,,,,,,,,,,,,,,,,,,,,,,,,,,,,,,,,,,,,,,,,,,,,,,,,,,,,,,,,,,,,,,,,,,,,,,,,,,,,,,,,,,,,,,,,,,,,,,,,,,,,,,education/2023/jul/26/i-would-crank-up-the-restrictions-teachers-on-banning-phones-in-school,article,education,Education,2023-07-25T23:01:03Z,‘I would crank up the restrictions’: teachers on banning phones in school,https://www.theguardian.com/education/2023/jul/26/i-would-crank-up-the-restrictions-teachers-on-banning-phones-in-school,https://content.guardianapis.com/education/2023/jul/26/i-would-crank-up-the-restrictions-teachers-on-banning-phones-in-school,False,pillar/news,News
123,123,0,,,,,,,,,,,,,,,,,,,,,,,,,,,,,,,,,,,,,,,,,,,,,,,,,,,,,,,,,,,,,,,,,,,,,,,,,,,,,,,,,,,,,,,,,,,,,,,,,,,,,,,,,,,,,,,education/2023/jul/26/john-foggin-obituary,article,education,Education,2023-07-26T16:49:52Z,John Foggin obituary,https://www.theguardian.com/education/2023/jul/26/john-foggin-obituary,https://content.guardianapis.com/education/2023/jul/26/john-foggin-obituary,False,pillar/news,News
